input_str,source,food_name,net_carb,serving_unit,serving_weight_grams,Calories,Calories_drv,Calories_unit,Saturated_Fat,Saturated_Fat_drv,Saturated_Fat_unit,Total_Fat,Total_Fat_drv,Total_Fat_unit,Carbohydrate,Carbohydrate_drv,Carbohydrate_unit,Sugars,Sugars_drv,Sugars_unit,Protein,Protein_drv,Protein_unit,Dietary_fiber,Dietary_fiber_drv,Dietary_fiber_unit,Monounsaturated_Fat,Monounsaturated_Fat_drv,Monounsaturated_Fat_unit,Polyunsaturated_Fat,Polyunsaturated_Fat_drv,Polyunsaturated_Fat_unit,Trans_Fat,Trans_Fat_drv,Trans_Fat_unit,Cholesterol,Cholesterol_drv,Cholesterol_unit,Sodium,Sodium_drv,Sodium_unit,Potassium_K,Potassium_K_drv,Potassium_K_unit,Calcium,Calcium_drv,Calcium_unit,Iron,Iron_drv,Iron_unit,Zinc,Zinc_drv,Zinc_unit,Selenium,Selenium_drv,Selenium_unit,Vitamin_D_(D2_+_D3),Vitamin_D_(D2_+_D3)_drv,Vitamin_D_(D2_+_D3)_unit,Vitamin_E,Vitamin_E_drv,Vitamin_E_unit,Vitamin_B-6,Vitamin_B-6_drv,Vitamin_B-6_unit,Vitamin_B-12,Vitamin_B-12_drv,Vitamin_B-12_unit,Caffeine,Caffeine_drv,Caffeine_unit
ALMOND FLOUR,UKDB,almond flour,6.9,gms,100,612,2250,kcal,3.8,20,g,55.8,70,g,19.4,260,g,4.2,30,g,21.15,50,g,12.5,30,g,38.19,0,g,10.46,0,g,0.015,0,g,0,300,mg,14,2300,mg,780,3500,mg,240,700,mg,3.71,11.75,mg,3.12,8.25,mg,2,75,µg,0,10,µg,23.96,15,mg,0.15,1.4,mg,0,2.4,µg,0,400,mg
ALMOND NUTS,UKDB,almond nuts,5.3,gms,100,554,2250,kcal,4.09,20,g,49.9,70,g,17.8,260,g,4.5,30,g,21.2,50,g,12.5,30,g,31.55,0,g,12.33,0,g,0.02,0,g,0,300,mg,1,2300,mg,733,3500,mg,269,700,mg,3.71,11.75,mg,3.1,8.25,mg,4,75,µg,0,10,µg,25.63,15,mg,0.14,1.4,mg,0,2.4,µg,0,400,mg
ALMOND PASTE,UKDB,almond paste,5.3,gms,100,554,2250,kcal,2.63,20,g,49.9,70,g,17.8,260,g,4.5,30,g,21.2,50,g,12.5,30,g,31.55,0,g,12.33,0,g,0.02,0,g,0,300,mg,1,2300,mg,733,3500,mg,269,700,mg,3.71,11.75,mg,3.1,8.25,mg,4,75,µg,0,10,µg,25.63,15,mg,0.14,1.4,mg,0,2.4,µg,0,400,mg
ALMONDS,UKDB,almonds,5.3,gms,100,554,2250,kcal,4.09,20,g,49.9,70,g,17.8,260,g,4.5,30,g,21.2,50,g,12.5,30,g,31.55,0,g,12.33,0,g,0.02,0,g,0,300,mg,1,2300,mg,733,3500,mg,269,700,mg,3.71,11.75,mg,3.1,8.25,mg,4,75,µg,0,10,µg,25.63,15,mg,0.14,1.4,mg,0,2.4,µg,0,400,mg
ARROWROOT STARCH,Nutrionix,arrowroot,12.09,gms,100,65,2250,kcal,0.04,20,g,0.2,70,g,13.39,260,g,0,30,g,4.24,50,g,1.3,30,g,0.004,0,g,0.092,0,g,0,0,g,0,300,mg,26,2300,mg,454,3500,mg,6,700,mg,2.22,11.75,mg,0.63,8.25,mg,0.7,75,µg,0,10,µg,0,15,mg,0.266,1.4,mg,0,2.4,µg,0,400,mg
AMCHOOR,Nutrionix,amchoor,13.38,gms,100,60,2250,kcal,0.09,20,g,0.38,70,g,14.98,260,g,13.66,30,g,0.82,50,g,1.6,30,g,0.14,0,g,0.071,0,g,0,0,g,0,300,mg,1,2300,mg,168,3500,mg,11,700,mg,0.16,11.75,mg,0.09,8.25,mg,0.6,75,µg,0,10,µg,0.9,15,mg,0.119,1.4,mg,0,2.4,µg,0,400,mg
AMCHOOR POWDER,Nutrionix,amchoor powder,13.38,gms,100,60,2250,kcal,0.09,20,g,0.38,70,g,14.98,260,g,13.66,30,g,0.82,50,g,1.6,30,g,0.14,0,g,0.071,0,g,0,0,g,0,300,mg,1,2300,mg,168,3500,mg,11,700,mg,0.16,11.75,mg,0.09,8.25,mg,0.6,75,µg,0,10,µg,0.9,15,mg,0.119,1.4,mg,0,2.4,µg,0,400,mg
AVOCADO,Nutrionix,avocado,1.83,gms,100,160,2250,kcal,2.13,20,g,14.66,70,g,8.53,260,g,0.66,30,g,2,50,g,6.7,30,g,9.799,0,g,1.816,0,g,0,0,g,0,300,mg,7,2300,mg,485,3500,mg,12,700,mg,0.55,11.75,mg,0.64,8.25,mg,0.4,75,µg,0,10,µg,2.07,15,mg,0.257,1.4,mg,0,2.4,µg,0,400,mg
AUBERGINE,UKDB,aubergine,2.2,gms,100,15,2250,kcal,0.04,20,g,0.4,70,g,4.7,260,g,2,30,g,0.9,50,g,2.5,30,g,0.02,0,g,0.2,0,g,0,0,g,0,300,mg,2,2300,mg,210,3500,mg,10,700,mg,0.3,11.75,mg,0.2,8.25,mg,1,75,µg,0,10,µg,0.03,15,mg,0.086,1.4,mg,0,2.4,µg,0,400,mg
BABY SPINACH,Nutrionix,baby spinach,1.43,gms,100,23,2250,kcal,0.06,20,g,0.39,70,g,3.63,260,g,0.42,30,g,2.86,50,g,2.2,30,g,0.01,0,g,0.165,0,g,0,0,g,0,300,mg,79,2300,mg,558,3500,mg,99,700,mg,2.71,11.75,mg,0.53,8.25,mg,1,75,µg,0,10,µg,2.03,15,mg,0.195,1.4,mg,0,2.4,µg,0,400,mg
BANANAS,UKDB,bananas,12.8,gms,100,51,2250,kcal,0.11,20,g,0.33,70,g,13.7,260,g,11.4,30,g,0.8,50,g,0.9,30,g,0,0,g,0.03,0,g,0,0,g,0,300,mg,0,2300,mg,208,3500,mg,4,700,mg,0.17,11.75,mg,0.1,8.25,mg,0,75,µg,0,10,µg,0.1,15,mg,0.2,1.4,mg,0,2.4,µg,0,400,mg
BANANA,UKDB,banana,12.8,gms,100,51,2250,kcal,0.11,20,g,0.33,70,g,13.7,260,g,11.4,30,g,0.8,50,g,0.9,30,g,0,0,g,0.03,0,g,0,0,g,0,300,mg,0,2300,mg,208,3500,mg,4,700,mg,0.17,11.75,mg,0.1,8.25,mg,0,75,µg,0,10,µg,0.1,15,mg,0.2,1.4,mg,0,2.4,µg,0,400,mg
BAY LEAF,Nutrionix,bay leaf,48.67,gms,100,313,2250,kcal,2.28,20,g,8.36,70,g,74.97,260,g,0,30,g,7.61,50,g,26.3,30,g,1.64,0,g,2.29,0,g,0,0,g,0,300,mg,23,2300,mg,529,3500,mg,834,700,mg,43,11.75,mg,3.7,8.25,mg,2.8,75,µg,0,10,µg,0,15,mg,1.74,1.4,mg,0,2.4,µg,0,400,mg
BAYLEAF,Nutrionix,bay leaf,48.67,gms,100,313,2250,kcal,2.28,20,g,8.36,70,g,74.97,260,g,0,30,g,7.61,50,g,26.3,30,g,1.64,0,g,2.29,0,g,0,0,g,0,300,mg,23,2300,mg,529,3500,mg,834,700,mg,43,11.75,mg,3.7,8.25,mg,2.8,75,µg,0,10,µg,0,15,mg,1.74,1.4,mg,0,2.4,µg,0,400,mg
BLACK AUBERGINE LARGE ,UKDB,aubergine,2.2,gms,100,15,2250,kcal,0.04,20,g,0.4,70,g,4.7,260,g,2,30,g,0.9,50,g,2.5,30,g,0.02,0,g,0.2,0,g,0,0,g,0,300,mg,2,2300,mg,210,3500,mg,10,700,mg,0.3,11.75,mg,0.2,8.25,mg,1,75,µg,0,10,µg,0.03,15,mg,0.086,1.4,mg,0,2.4,µg,0,400,mg
BLANCHED ALMOND FLOUR,UKDB,almond flour,6.9,gms,100,612,2250,kcal,3.8,20,g,55.8,70,g,19.4,260,g,4.2,30,g,21.15,50,g,12.5,30,g,38.19,0,g,10.46,0,g,0.015,0,g,0,300,mg,14,2300,mg,780,3500,mg,240,700,mg,3.71,11.75,mg,3.12,8.25,mg,2,75,µg,0,10,µg,23.96,15,mg,0.15,1.4,mg,0,2.4,µg,0,400,mg
BLUEBERRIES,UKDB,blueberries,9.1,gms,100,40,2250,kcal,0.03,20,g,0.2,70,g,10.6,260,g,9.1,30,g,0.9,50,g,1.5,30,g,0.04,0,g,0.11,0,g,0,0,g,0,300,mg,2,2300,mg,66,3500,mg,10,700,mg,0.55,11.75,mg,0.1,8.25,mg,0,75,µg,0,10,µg,0.94,15,mg,0.01,1.4,mg,0,2.4,µg,0,400,mg
BOILING HOT WATER,Nutrionix,water,0,gms,100,0,2250,kcal,0,20,g,0,70,g,0,260,g,0,30,g,0,50,g,0,30,g,0,0,g,0,0,g,0,0,g,0,300,mg,4,2300,mg,0,3500,mg,3,700,mg,0,11.75,mg,0.01,8.25,mg,0,75,µg,0,10,µg,0,15,mg,0,1.4,mg,0,2.4,µg,0,400,mg
BOTTLEGOURD,Nutrionix,bottle gourd,2.49,gms,100,15,2250,kcal,0,20,g,0.02,70,g,3.69,260,g,0,30,g,0.6,50,g,1.2,30,g,0.004,0,g,0.009,0,g,0,0,g,0,300,mg,2,2300,mg,170,3500,mg,24,700,mg,0.25,11.75,mg,0.7,8.25,mg,0.2,75,µg,0,10,µg,0,15,mg,0.038,1.4,mg,0,2.4,µg,0,400,mg
BOTTLE GOURD,Nutrionix,bottle gourd,2.49,gms,100,15,2250,kcal,0,20,g,0.02,70,g,3.69,260,g,0,30,g,0.6,50,g,1.2,30,g,0.004,0,g,0.009,0,g,0,0,g,0,300,mg,2,2300,mg,170,3500,mg,24,700,mg,0.25,11.75,mg,0.7,8.25,mg,0.2,75,µg,0,10,µg,0,15,mg,0.038,1.4,mg,0,2.4,µg,0,400,mg
BROWN CHESTNUT MUSHROOMS,Nutrionix,chestnut mushrooms,3.7,gms,100,22,2250,kcal,0.01,20,g,0.1,70,g,4.3,260,g,1.72,30,g,2.5,50,g,0.6,30,g,0.002,0,g,0.042,0,g,0,0,g,0,300,mg,6,2300,mg,448,3500,mg,18,700,mg,0.4,11.75,mg,1.1,8.25,mg,26,75,µg,0.1,10,µg,0.01,15,mg,0.11,1.4,mg,0.1,2.4,µg,0,400,mg
CHESTNUT MUSHROOM,Nutrionix,chestnut mushroom,3.7,gms,100,22,2250,kcal,0.01,20,g,0.1,70,g,4.3,260,g,1.72,30,g,2.5,50,g,0.6,30,g,0.002,0,g,0.042,0,g,0,0,g,0,300,mg,6,2300,mg,448,3500,mg,18,700,mg,0.4,11.75,mg,1.1,8.25,mg,26,75,µg,0.1,10,µg,0.01,15,mg,0.11,1.4,mg,0.1,2.4,µg,0,400,mg
MUSHROOMS,Nutrionix,mushrooms,3.09,gms,100,28,2250,kcal,0.06,20,g,0.47,70,g,5.29,260,g,2.34,30,g,2.17,50,g,2.2,30,g,0.008,0,g,0.183,0,g,0,0,g,0,300,mg,2,2300,mg,356,3500,mg,6,700,mg,1.74,11.75,mg,0.87,8.25,mg,11.9,75,µg,0.2,10,µg,0.01,15,mg,0.095,1.4,mg,0,2.4,µg,0,400,mg
CANNED PINEAPPLE,Nutrionix,canned pineapple,14.9,gms,100,60,2250,kcal,0.01,20,g,0.08,70,g,15.7,260,g,14.45,30,g,0.42,50,g,0.8,30,g,0.01,0,g,0.029,0,g,0,0,g,0,300,mg,1,2300,mg,122,3500,mg,14,700,mg,0.28,11.75,mg,0.1,8.25,mg,0.4,75,µg,0,10,µg,0.01,15,mg,0.074,1.4,mg,0,2.4,µg,0,400,mg
CAROM SEEDS,Nutrionix,carom seeds,11.9,gms,100,333,2250,kcal,0.62,20,g,14.59,70,g,49.9,260,g,0.64,30,g,19.77,50,g,38,30,g,7.125,0,g,3.272,0,g,0,0,g,0,300,mg,17,2300,mg,1350.9999,3500,mg,689,700,mg,16.23,11.75,mg,5.5,8.25,mg,12.1,75,µg,0,10,µg,2.5,15,mg,0.36,1.4,mg,0,2.4,µg,0,400,mg
CASHEW NUTS,UKDB,cashew nuts,18.1,gms,100,573,2250,kcal,9.16,20,g,48.2,70,g,21.1,260,g,4.6,30,g,17.7,50,g,3,30,g,27.8,0,g,8.8,0,g,0,0,g,0,300,mg,15,2300,mg,710,3500,mg,32,700,mg,6.2,11.75,mg,5.9,8.25,mg,29,75,µg,0,10,µg,0.85,15,mg,0.49,1.4,mg,0,2.4,µg,0,400,mg
CASHEWS,UKDB,cashews,18.1,gms,100,573,2250,kcal,9.16,20,g,48.2,70,g,21.1,260,g,4.6,30,g,17.7,50,g,3,30,g,27.8,0,g,8.8,0,g,0,0,g,0,300,mg,15,2300,mg,710,3500,mg,32,700,mg,6.2,11.75,mg,5.9,8.25,mg,29,75,µg,0,10,µg,0.85,15,mg,0.49,1.4,mg,0,2.4,µg,0,400,mg
CASHEW,UKDB,cashew,18.1,gms,100,573,2250,kcal,9.16,20,g,48.2,70,g,21.1,260,g,4.6,30,g,17.7,50,g,3,30,g,27.8,0,g,8.8,0,g,0,0,g,0,300,mg,15,2300,mg,710,3500,mg,32,700,mg,6.2,11.75,mg,5.9,8.25,mg,29,75,µg,0,10,µg,0.85,15,mg,0.49,1.4,mg,0,2.4,µg,0,400,mg
CAULIFLOWER,Nutrionix,cauliflower,1.81,gms,100,23,2250,kcal,0.07,20,g,0.45,70,g,4.11,260,g,2.08,30,g,1.84,50,g,2.3,30,g,0.032,0,g,0.217,0,g,0,0,g,0,300,mg,15,2300,mg,142,3500,mg,16,700,mg,0.32,11.75,mg,0.17,8.25,mg,0.6,75,µg,0,10,µg,0.07,15,mg,0.173,1.4,mg,0,2.4,µg,0,400,mg
CHERRY TOMATOES,Nutrionix,cherry tomatoes,2.69,gms,100,18,2250,kcal,0.03,20,g,0.2,70,g,3.89,260,g,2.63,30,g,0.88,50,g,1.2,30,g,0.031,0,g,0.083,0,g,0,0,g,0,300,mg,5,2300,mg,237,3500,mg,10,700,mg,0.27,11.75,mg,0.17,8.25,mg,0,75,µg,0,10,µg,0.54,15,mg,0.08,1.4,mg,0,2.4,µg,0,400,mg
CHOPPED BASIL,Nutrionix,chopped basil,1.05,gms,100,23,2250,kcal,0.04,20,g,0.64,70,g,2.65,260,g,0.3,30,g,3.15,50,g,1.6,30,g,0.088,0,g,0.389,0,g,0,0,g,0,300,mg,4,2300,mg,295,3500,mg,177,700,mg,3.17,11.75,mg,0.81,8.25,mg,0.3,75,µg,0,10,µg,0.8,15,mg,0.155,1.4,mg,0,2.4,µg,0,400,mg
FRESH BASIL LEAVES,Nutrionix,basil leaves,1.05,gms,100,23,2250,kcal,0.04,20,g,0.64,70,g,2.65,260,g,0.3,30,g,3.15,50,g,1.6,30,g,0.088,0,g,0.389,0,g,0,0,g,0,300,mg,4,2300,mg,295,3500,mg,177,700,mg,3.17,11.75,mg,0.81,8.25,mg,0.3,75,µg,0,10,µg,0.8,15,mg,0.155,1.4,mg,0,2.4,µg,0,400,mg
BASIL LEAVES,Nutrionix,basil leaves,1.05,gms,100,23,2250,kcal,0.04,20,g,0.64,70,g,2.65,260,g,0.3,30,g,3.15,50,g,1.6,30,g,0.088,0,g,0.389,0,g,0,0,g,0,300,mg,4,2300,mg,295,3500,mg,177,700,mg,3.17,11.75,mg,0.81,8.25,mg,0.3,75,µg,0,10,µg,0.8,15,mg,0.155,1.4,mg,0,2.4,µg,0,400,mg
GREEN BASIL LEAVES,Nutrionix,basil leaves,1.05,gms,100,23,2250,kcal,0.04,20,g,0.64,70,g,2.65,260,g,0.3,30,g,3.15,50,g,1.6,30,g,0.088,0,g,0.389,0,g,0,0,g,0,300,mg,4,2300,mg,295,3500,mg,177,700,mg,3.17,11.75,mg,0.81,8.25,mg,0.3,75,µg,0,10,µg,0.8,15,mg,0.155,1.4,mg,0,2.4,µg,0,400,mg
CHANA DAL,Nutrionix,chana dal,16.57,gms,100,138,2250,kcal,0.21,20,g,2.47,70,g,22.87,260,g,4,30,g,7.04,50,g,6.3,30,g,0.485,0,g,0.962,0,g,0,0,g,0,300,mg,212,2300,mg,109,3500,mg,43,700,mg,0.98,11.75,mg,0.59,8.25,mg,3.1,75,µg,0,10,µg,0.29,15,mg,0.116,1.4,mg,0,2.4,µg,0,400,mg
CINNAMON POWDER,Nutrionix,cinnamon,27.49,gms,100,247,2250,kcal,0.35,20,g,1.24,70,g,80.59,260,g,2.17,30,g,3.99,50,g,53.1,30,g,0.246,0,g,0.068,0,g,0,0,g,0,300,mg,10,2300,mg,431,3500,mg,1002,700,mg,8.32,11.75,mg,1.83,8.25,mg,3.1,75,µg,0,10,µg,2.32,15,mg,0.158,1.4,mg,0,2.4,µg,0,400,mg
CINNAMON STICK,Nutrionix,cinnamon stick,27.49,gms,100,247.0057,2250,kcal,0.35,20,g,1.24,70,g,80.5919,260,g,2.1701,30,g,3.9901,50,g,53.1012,30,g,0.246,0,g,0.068,0,g,0,0,g,0,300,mg,10.0002,2300,mg,431.0099,3500,mg,1002.0231,700,mg,8.3202,11.75,mg,1.83,8.25,mg,3.1001,75,µg,0,10,µg,2.3201,15,mg,0.158,1.4,mg,0,2.4,µg,0,400,mg
WHOLE CINNAMON STICK,Nutrionix,cinnamon stick,27.49,gms,100,247.0057,2250,kcal,0.35,20,g,1.24,70,g,80.5919,260,g,2.1701,30,g,3.9901,50,g,53.1012,30,g,0.246,0,g,0.068,0,g,0,0,g,0,300,mg,10.0002,2300,mg,431.0099,3500,mg,1002.0231,700,mg,8.3202,11.75,mg,1.83,8.25,mg,3.1001,75,µg,0,10,µg,2.3201,15,mg,0.158,1.4,mg,0,2.4,µg,0,400,mg
COCONUT FLAKES,Nutrionix,coconut flakes,41.95,gms,100,456,2250,kcal,26.4,20,g,27.99,70,g,51.85,260,g,36.75,30,g,3.13,50,g,9.9,30,g,1.377,0,g,0.222,0,g,0.002,0,g,0,300,mg,285,2300,mg,361,3500,mg,11,700,mg,1.51,11.75,mg,0.71,8.25,mg,16.1,75,µg,0,10,µg,0,15,mg,0.03,1.4,mg,0,2.4,µg,0,400,mg
CORIANDER LEAVES,Nutrionix,coriander leaves,0.87,gms,100,23,2250,kcal,0.01,20,g,0.52,70,g,3.67,260,g,0.87,30,g,2.13,50,g,2.8,30,g,0.275,0,g,0.04,0,g,0,0,g,0,300,mg,46,2300,mg,521,3500,mg,67,700,mg,1.77,11.75,mg,0.5,8.25,mg,0.9,75,µg,0,10,µg,2.5,15,mg,0.149,1.4,mg,0,2.4,µg,0,400,mg
CORIANDER,Nutrionix,coriander,0.87,gms,100,23,2250,kcal,0.01,20,g,0.52,70,g,3.67,260,g,0.87,30,g,2.13,50,g,2.8,30,g,0.275,0,g,0.04,0,g,0,0,g,0,300,mg,46,2300,mg,521,3500,mg,67,700,mg,1.77,11.75,mg,0.5,8.25,mg,0.9,75,µg,0,10,µg,2.5,15,mg,0.149,1.4,mg,0,2.4,µg,0,400,mg
CORRIANDER,Nutrionix,coriander,0.87,gms,100,23,2250,kcal,0.01,20,g,0.52,70,g,3.67,260,g,0.87,30,g,2.13,50,g,2.8,30,g,0.275,0,g,0.04,0,g,0,0,g,0,300,mg,46,2300,mg,521,3500,mg,67,700,mg,1.77,11.75,mg,0.5,8.25,mg,0.9,75,µg,0,10,µg,2.5,15,mg,0.149,1.4,mg,0,2.4,µg,0,400,mg
CORRIANDER LEAVES,Nutrionix,coriander,0.87,gms,100,23,2250,kcal,0.01,20,g,0.52,70,g,3.67,260,g,0.87,30,g,2.13,50,g,2.8,30,g,0.275,0,g,0.04,0,g,0,0,g,0,300,mg,46,2300,mg,521,3500,mg,67,700,mg,1.77,11.75,mg,0.5,8.25,mg,0.9,75,µg,0,10,µg,2.5,15,mg,0.149,1.4,mg,0,2.4,µg,0,400,mg
COURGETTE,Nutrionix,courgette,1.69,gms,100,15,2250,kcal,0.07,20,g,0.36,70,g,2.69,260,g,1.71,30,g,1.14,50,g,1,30,g,0.029,0,g,0.151,0,g,0,0,g,0,300,mg,3,2300,mg,264,3500,mg,18,700,mg,0.37,11.75,mg,0.33,8.25,mg,0.2,75,µg,0,10,µg,0.12,15,mg,0.08,1.4,mg,0,2.4,µg,0,400,mg
CREAM,Nutrionix,cream,2.74,gms,100,340,2250,kcal,23.03,20,g,36.08,70,g,2.74,260,g,2.92,30,g,2.84,50,g,0,30,g,9.101,0,g,1.57,0,g,1.236,0,g,113,300,mg,27,2300,mg,95,3500,mg,66,700,mg,0.1,11.75,mg,0.24,8.25,mg,3,75,µg,1.6,10,µg,0.92,15,mg,0.035,1.4,mg,0.16,2.4,µg,0,400,mg
WHIPPING CREAM,Nutrionix,whipping cream,2.74,gms,100,340,2250,kcal,23.03,20,g,36.08,70,g,2.74,260,g,2.92,30,g,2.84,50,g,0,30,g,9.101,0,g,1.57,0,g,1.236,0,g,113,300,mg,27,2300,mg,95,3500,mg,66,700,mg,0.1,11.75,mg,0.24,8.25,mg,3,75,µg,1.6,10,µg,0.92,15,mg,0.035,1.4,mg,0.16,2.4,µg,0,400,mg
CREAM CHEESE,Nutrionix,cream cheese,5.52,gms,100,350,2250,kcal,20.21,20,g,34.44,70,g,5.52,260,g,3.76,30,g,6.15,50,g,0,30,g,8.907,0,g,1.483,0,g,0,0,g,101,300,mg,314,2300,mg,132,3500,mg,97,700,mg,0.11,11.75,mg,0.5,8.25,mg,8.6,75,µg,0,10,µg,0.86,15,mg,0.056,1.4,mg,0.22,2.4,µg,0,400,mg
CRUSHED CASHEW NUTS,Nutrionix,cashew nuts,29.69,gms,100,574,2250,kcal,9.16,20,g,46.35,70,g,32.69,260,g,5.01,30,g,15.31,50,g,3,30,g,27.317,0,g,7.836,0,g,0,0,g,0,300,mg,640,2300,mg,565,3500,mg,45,700,mg,6,11.75,mg,5.6,8.25,mg,11.7,75,µg,0,10,µg,0.92,15,mg,0.256,1.4,mg,0,2.4,µg,0,400,mg
CUCUMBER,Nutrionix,cucumber,3.13,gms,100,15,2250,kcal,0.04,20,g,0.11,70,g,3.63,260,g,1.67,30,g,0.65,50,g,0.5,30,g,0.005,0,g,0.032,0,g,0,0,g,0,300,mg,2,2300,mg,147,3500,mg,16,700,mg,0.28,11.75,mg,0.2,8.25,mg,0.3,75,µg,0,10,µg,0.03,15,mg,0.04,1.4,mg,0,2.4,µg,0,400,mg
CUMIN,Nutrionix,cumin,33.74,gms,100,375,2250,kcal,1.54,20,g,22.27,70,g,44.24,260,g,2.25,30,g,17.81,50,g,10.5,30,g,14.04,0,g,3.279,0,g,0,0,g,0,300,mg,168,2300,mg,1787.9999,3500,mg,931,700,mg,66.36,11.75,mg,4.8,8.25,mg,5.2,75,µg,0,10,µg,3.33,15,mg,0.435,1.4,mg,0,2.4,µg,0,400,mg
CUMIN POWDER,Nutrionix,cumin,33.74,gms,100,375,2250,kcal,1.54,20,g,22.27,70,g,44.24,260,g,2.25,30,g,17.81,50,g,10.5,30,g,14.04,0,g,3.279,0,g,0,0,g,0,300,mg,168,2300,mg,1787.9999,3500,mg,931,700,mg,66.36,11.75,mg,4.8,8.25,mg,5.2,75,µg,0,10,µg,3.33,15,mg,0.435,1.4,mg,0,2.4,µg,0,400,mg
CUMIN SEEDS,Nutrionix,cumin seeds,33.74,gms,100,375,2250,kcal,1.54,20,g,22.27,70,g,44.24,260,g,2.25,30,g,17.81,50,g,10.5,30,g,14.04,0,g,3.279,0,g,0,0,g,0,300,mg,168,2300,mg,1787.9999,3500,mg,931,700,mg,66.36,11.75,mg,4.8,8.25,mg,5.2,75,µg,0,10,µg,3.33,15,mg,0.435,1.4,mg,0,2.4,µg,0,400,mg
CURRY LEAVES,Nutrionix,curry leaves,1.05,gms,100,23,2250,kcal,0.04,20,g,0.64,70,g,2.65,260,g,0.3,30,g,3.15,50,g,1.6,30,g,0.088,0,g,0.389,0,g,0,0,g,0,300,mg,4,2300,mg,295,3500,mg,177,700,mg,3.17,11.75,mg,0.81,8.25,mg,0.3,75,µg,0,10,µg,0.8,15,mg,0.155,1.4,mg,0,2.4,µg,0,400,mg
DOUBLE CREAM,Nutrionix,cream,2.74,gms,100,340,2250,kcal,23.03,20,g,36.08,70,g,2.74,260,g,2.92,30,g,2.84,50,g,0,30,g,9.101,0,g,1.57,0,g,1.236,0,g,113,300,mg,27,2300,mg,95,3500,mg,66,700,mg,0.1,11.75,mg,0.24,8.25,mg,3,75,µg,1.6,10,µg,0.92,15,mg,0.035,1.4,mg,0.16,2.4,µg,0,400,mg
DOUBLE THICK CREAM,Nutrionix,cream,2.74,gms,100,340,2250,kcal,23.03,20,g,36.08,70,g,2.74,260,g,2.92,30,g,2.84,50,g,0,30,g,9.101,0,g,1.57,0,g,1.236,0,g,113,300,mg,27,2300,mg,95,3500,mg,66,700,mg,0.1,11.75,mg,0.24,8.25,mg,3,75,µg,1.6,10,µg,0.92,15,mg,0.035,1.4,mg,0.16,2.4,µg,0,400,mg
DRIED FENUGREEK LEAVES,UKDB,fenugreek,4.8,gms,100,35,2250,kcal,1.46,20,g,0.2,70,g,29.4,260,g,0,30,g,4.6,50,g,24.6,30,g,0,0,g,0,0,g,0,0,g,0,300,mg,76,2300,mg,31,3500,mg,140,700,mg,8.8,11.75,mg,2.5,8.25,mg,6.3,75,µg,0,10,µg,0,15,mg,0.6,1.4,mg,0,2.4,µg,0,400,mg
DRIED YEAST,UKDB,yeast,3.5,gms,100,169,2250,kcal,1,20,g,1.5,70,g,30.4,260,g,0,30,g,35.6,50,g,26.9,30,g,4.309,0,g,0.017,0,g,0,0,g,0,300,mg,50,2300,mg,2000,3500,mg,80,700,mg,20,11.75,mg,8,8.25,mg,7.9,75,µg,0,10,µg,0,15,mg,2,1.4,mg,0.07,2.4,µg,0,400,mg
DRY DESSICATED COCONUT,UKDB,coconut,6.4,gms,100,604,2250,kcal,26.4,20,g,62,70,g,16.3,260,g,6.4,30,g,5.6,50,g,9.9,30,g,3.5,0,g,1.5,0,g,0,0,g,0,300,mg,28,2300,mg,660,3500,mg,23,700,mg,3.6,11.75,mg,0.9,8.25,mg,12,75,µg,0,10,µg,1.26,15,mg,0.09,1.4,mg,0,2.4,µg,0,400,mg
DRY FENUGREEK LEAVES,UKDB,fenugreek,4.8,gms,100,35,2250,kcal,1.46,20,g,0.2,70,g,29.4,260,g,0,30,g,4.6,50,g,24.6,30,g,0,0,g,0,0,g,0,0,g,0,300,mg,76,2300,mg,31,3500,mg,140,700,mg,8.8,11.75,mg,2.5,8.25,mg,6.3,75,µg,0,10,µg,0,15,mg,0.6,1.4,mg,0,2.4,µg,0,400,mg
DRY FENUGREEK LEAVES,UKDB,fenugreek,4.8,gms,100,35,2250,kcal,1.46,20,g,0.2,70,g,29.4,260,g,0,30,g,4.6,50,g,24.6,30,g,0,0,g,0,0,g,0,0,g,0,300,mg,76,2300,mg,31,3500,mg,140,700,mg,8.8,11.75,mg,2.5,8.25,mg,6.3,75,µg,0,10,µg,0,15,mg,0.6,1.4,mg,0,2.4,µg,0,400,mg
EGG,Nutrionix,egg,0.72,gms,100,143,2250,kcal,3.13,20,g,9.51,70,g,0.72,260,g,0.37,30,g,12.56,50,g,0,30,g,3.658,0,g,1.911,0,g,0.038,0,g,372,300,mg,142,2300,mg,138,3500,mg,56,700,mg,1.75,11.75,mg,1.29,8.25,mg,30.7,75,µg,2,10,µg,1.05,15,mg,0.17,1.4,mg,0.89,2.4,µg,0,400,mg
ERYTHRITOL,NCCDB,erythritol,0,gms,100,347,2250,kcal,0,20,g,0,70,g,0.6,260,g,4.03,30,g,2.06,50,g,0.6,30,g,0,0,g,0,0,g,0,0,g,0,300,mg,572,2300,mg,39,3500,mg,879,700,mg,0.16,11.75,mg,0.04,8.25,mg,0,75,µg,0,10,µg,0,15,mg,0.015,1.4,mg,0,2.4,µg,0,400,mg
EXTRA MATURE CHEDDAR CHEESE,UKDB,cheddar cheese,0.1,gms,100,416,2250,kcal,18.87,20,g,34.9,70,g,0.1,260,g,0.1,30,g,25.4,50,g,0,30,g,9.43,0,g,1.1,0,g,4.4,0,g,97,300,mg,723,2300,mg,75,3500,mg,739,700,mg,0.3,11.75,mg,4.1,8.25,mg,6,75,µg,0.3,10,µg,0.52,15,mg,0.15,1.4,mg,2.4,2.4,µg,0,400,mg
FENUGREEK SEEDS,Nutrionix,fenugreek seeds,33.75,gms,100,323,2250,kcal,1.46,20,g,6.41,70,g,58.35,260,g,0,30,g,23,50,g,24.6,30,g,0,0,g,0,0,g,0,0,g,0,300,mg,67,2300,mg,770,3500,mg,176,700,mg,33.53,11.75,mg,2.5,8.25,mg,6.3,75,µg,0,10,µg,0,15,mg,0.6,1.4,mg,0,2.4,µg,0,400,mg
FENNEL SEEDS,Nutrionix,fennel seeds,12.49,gms,100,345,2250,kcal,0.48,20,g,14.87,70,g,52.29,260,g,0,30,g,15.8,50,g,39.8,30,g,9.91,0,g,1.69,0,g,0,0,g,0,300,mg,88,2300,mg,1694,3500,mg,1196,700,mg,18.54,11.75,mg,3.7,8.25,mg,0,75,µg,0,10,µg,0,15,mg,0.47,1.4,mg,0,2.4,µg,0,400,mg
FETA CHEESE,Nutrionix,feta cheese,4.09,gms,100,264,2250,kcal,14.95,20,g,21.28,70,g,4.09,260,g,4.09,30,g,14.21,50,g,0,30,g,4.623,0,g,0.591,0,g,0,0,g,89,300,mg,917,2300,mg,62,3500,mg,493,700,mg,0.65,11.75,mg,2.88,8.25,mg,15,75,µg,0.4,10,µg,0.18,15,mg,0.424,1.4,mg,1.69,2.4,µg,0,400,mg
FLAX MEAL,Nutrionix,flax meal,1.58,gms,100,534,2250,kcal,3.66,20,g,42.16,70,g,28.88,260,g,1.55,30,g,18.29,50,g,27.3,30,g,7.527,0,g,28.73,0,g,0,0,g,0,300,mg,30,2300,mg,813,3500,mg,255,700,mg,5.73,11.75,mg,4.34,8.25,mg,25.4,75,µg,0,10,µg,0.31,15,mg,0.473,1.4,mg,0,2.4,µg,0,400,mg
FLAX SEEDS,Nutrionix,flax seeds,1.58,gms,100,534,2250,kcal,3.66,20,g,42.16,70,g,28.88,260,g,1.55,30,g,18.29,50,g,27.3,30,g,7.527,0,g,28.73,0,g,0,0,g,0,300,mg,30,2300,mg,813,3500,mg,255,700,mg,5.73,11.75,mg,4.34,8.25,mg,25.4,75,µg,0,10,µg,0.31,15,mg,0.473,1.4,mg,0,2.4,µg,0,400,mg
FLAX SEED,Nutrionix,flax seed,1.58,gms,100,534,2250,kcal,3.66,20,g,42.16,70,g,28.88,260,g,1.55,30,g,18.29,50,g,27.3,30,g,7.527,0,g,28.73,0,g,0,0,g,0,300,mg,30,2300,mg,813,3500,mg,255,700,mg,5.73,11.75,mg,4.34,8.25,mg,25.4,75,µg,0,10,µg,0.31,15,mg,0.473,1.4,mg,0,2.4,µg,0,400,mg
FRESH CORRIANDER LEAVES,Nutrionix,fresh coriander leaves,0.87,gms,100,23,2250,kcal,0.01,20,g,0.52,70,g,3.67,260,g,0.87,30,g,2.13,50,g,2.8,30,g,0.275,0,g,0.04,0,g,0,0,g,0,300,mg,46,2300,mg,521,3500,mg,67,700,mg,1.77,11.75,mg,0.5,8.25,mg,0.9,75,µg,0,10,µg,2.5,15,mg,0.149,1.4,mg,0,2.4,µg,0,400,mg
FRESH CORIANDER LEAVES,Nutrionix,fresh coriander,0.87,gms,100,23,2250,kcal,0.01,20,g,0.52,70,g,3.67,260,g,0.87,30,g,2.13,50,g,2.8,30,g,0.275,0,g,0.04,0,g,0,0,g,0,300,mg,46,2300,mg,521,3500,mg,67,700,mg,1.77,11.75,mg,0.5,8.25,mg,0.9,75,µg,0,10,µg,2.5,15,mg,0.149,1.4,mg,0,2.4,µg,0,400,mg
FRESH CORIANDER,Nutrionix,fresh coriander,0.87,gms,100,23,2250,kcal,0.01,20,g,0.52,70,g,3.67,260,g,0.87,30,g,2.13,50,g,2.8,30,g,0.275,0,g,0.04,0,g,0,0,g,0,300,mg,46,2300,mg,521,3500,mg,67,700,mg,1.77,11.75,mg,0.5,8.25,mg,0.9,75,µg,0,10,µg,2.5,15,mg,0.149,1.4,mg,0,2.4,µg,0,400,mg
FRESH FENUGREEK LEAVES,INDB,fenugreek,2.17,gms,100,323,2250,kcal,1.46,20,g,6.41,70,g,26.77,260,g,0,30,g,23,50,g,24.6,30,g,0,0,g,0,0,g,0,0,g,0,300,mg,67,2300,mg,770,3500,mg,176,700,mg,33.53,11.75,mg,2.5,8.25,mg,6.3,75,µg,0,10,µg,0,15,mg,0.6,1.4,mg,0,2.4,µg,0,400,mg
FRESH MINT,Nutrionix,fresh mint,1.61,gms,100,44,2250,kcal,0.19,20,g,0.73,70,g,8.41,260,g,0,30,g,3.29,50,g,6.8,30,g,0.025,0,g,0.394,0,g,0,0,g,0,300,mg,30,2300,mg,458,3500,mg,199,700,mg,11.87,11.75,mg,1.09,8.25,mg,0,75,µg,0,10,µg,0,15,mg,0.158,1.4,mg,0,2.4,µg,0,400,mg
FRESH MINT LEAVES,Nutrionix,mint leaves,1.61,gms,100,44,2250,kcal,0.19,20,g,0.73,70,g,8.41,260,g,0,30,g,3.29,50,g,6.8,30,g,0.025,0,g,0.394,0,g,0,0,g,0,300,mg,30,2300,mg,458,3500,mg,199,700,mg,11.87,11.75,mg,1.09,8.25,mg,0,75,µg,0,10,µg,0,15,mg,0.158,1.4,mg,0,2.4,µg,0,400,mg
MINT POWDER,Nutrionix,mint leaves,1.61,gms,100,44,2250,kcal,0.19,20,g,0.73,70,g,8.41,260,g,0,30,g,3.29,50,g,6.8,30,g,0.025,0,g,0.394,0,g,0,0,g,0,300,mg,30,2300,mg,458,3500,mg,199,700,mg,11.87,11.75,mg,1.09,8.25,mg,0,75,µg,0,10,µg,0,15,mg,0.158,1.4,mg,0,2.4,µg,0,400,mg
FRESH DILL,Nutrionix,fresh dill,4.92,gms,100,43,2250,kcal,0.06,20,g,1.12,70,g,7.02,260,g,0,30,g,3.46,50,g,2.1,30,g,0.802,0,g,0.095,0,g,0,0,g,0,300,mg,61,2300,mg,738,3500,mg,208,700,mg,6.59,11.75,mg,0.91,8.25,mg,0,75,µg,0,10,µg,0,15,mg,0.185,1.4,mg,0,2.4,µg,0,400,mg
FRESHLY GROUND BLACK PEPPER,Nutrionix,ground black pepper,38.65,gms,100,251,2250,kcal,1.39,20,g,3.26,70,g,63.95,260,g,0.64,30,g,10.39,50,g,25.3,30,g,0.739,0,g,0.998,0,g,0,0,g,0,300,mg,20,2300,mg,1329,3500,mg,443,700,mg,9.71,11.75,mg,1.19,8.25,mg,4.9,75,µg,0,10,µg,1.04,15,mg,0.291,1.4,mg,0,2.4,µg,0,400,mg
GROUND BLACK PEPPER,Nutrionix,ground black pepper,38.65,gms,100,251,2250,kcal,1.39,20,g,3.26,70,g,63.95,260,g,0.64,30,g,10.39,50,g,25.3,30,g,0.739,0,g,0.998,0,g,0,0,g,0,300,mg,20,2300,mg,1329,3500,mg,443,700,mg,9.71,11.75,mg,1.19,8.25,mg,4.9,75,µg,0,10,µg,1.04,15,mg,0.291,1.4,mg,0,2.4,µg,0,400,mg
FROZEN EDAMAME BEANS,Nutrionix,edamame beans,3.71,gms,100,121,2250,kcal,0.62,20,g,5.2,70,g,8.91,260,g,2.18,30,g,11.91,50,g,5.2,30,g,1.282,0,g,2.156,0,g,0.009,0,g,0,300,mg,6,2300,mg,436,3500,mg,63,700,mg,2.27,11.75,mg,1.37,8.25,mg,0.8,75,µg,0,10,µg,0.68,15,mg,0.1,1.4,mg,0,2.4,µg,0,400,mg
FROZEN PEAS,Nutrionix,frozen peas,9.76,gms,100,78,2250,kcal,0.05,20,g,0.27,70,g,14.26,260,g,4.4,30,g,5.15,50,g,4.5,30,g,0.024,0,g,0.129,0,g,0,0,g,0,300,mg,72,2300,mg,110,3500,mg,24,700,mg,1.52,11.75,mg,0.67,8.25,mg,1,75,µg,0,10,µg,0.03,15,mg,0.113,1.4,mg,0,2.4,µg,0,400,mg
FULL FAT GREEK YOGURT,Nutrionix,full fat greek yogurt,3.98,gms,100,97,2250,kcal,2.4,20,g,5,70,g,3.98,260,g,4,30,g,9,50,g,0,30,g,2.136,0,g,0.469,0,g,0,0,g,13,300,mg,35,2300,mg,141,3500,mg,100,700,mg,0,11.75,mg,0.52,8.25,mg,9.7,75,µg,0,10,µg,0.01,15,mg,0.063,1.4,mg,0.75,2.4,µg,0,400,mg
GARLIC,UKDB,garlic,16.3,gms,100,98,2250,kcal,0.09,20,g,0.6,70,g,18.4,260,g,1.6,30,g,7.9,50,g,2.1,30,g,0,0,g,0.3,0,g,0,0,g,0,300,mg,4,2300,mg,620,3500,mg,19,700,mg,1.9,11.75,mg,1,8.25,mg,2,75,µg,0,10,µg,0.01,15,mg,0.38,1.4,mg,0,2.4,µg,0,400,mg
GHEE,Nutrionix,ghee,0,gms,100,876,2250,kcal,61.92,20,g,99.48,70,g,0,260,g,0,30,g,0.28,50,g,0,30,g,28.732,0,g,3.694,0,g,0,0,g,256,300,mg,2,2300,mg,5,3500,mg,4,700,mg,0,11.75,mg,0.01,8.25,mg,0,75,µg,0,10,µg,2.8,15,mg,0.001,1.4,mg,0.01,2.4,µg,0,400,mg
GINGER,UKDB,ginger,8.1,gms,100,44,2250,kcal,0.2,20,g,0.8,70,g,10.1,260,g,1.7,30,g,1.82,50,g,2,30,g,0.154,0,g,0.154,0,g,0,0,g,0,300,mg,13,2300,mg,415,3500,mg,16,700,mg,0.6,11.75,mg,0.34,8.25,mg,0.7,75,µg,0,10,µg,0.26,15,mg,0.16,1.4,mg,0,2.4,µg,0,400,mg
GOLDEN FLAXSEED POWDER,Nutrionix,flaxseed,1.58,gms,100,534,2250,kcal,3.66,20,g,42.16,70,g,28.88,260,g,1.55,30,g,18.29,50,g,27.3,30,g,7.527,0,g,28.73,0,g,0,0,g,0,300,mg,30,2300,mg,813,3500,mg,255,700,mg,5.73,11.75,mg,4.34,8.25,mg,25.4,75,µg,0,10,µg,0.31,15,mg,0.473,1.4,mg,0,2.4,µg,0,400,mg
GRATED EXTRA MATURE CHEDDAR CHEESE,UKDB,cheddar cheese,0.1,gms,100,416,2250,kcal,0.19,20,g,34.9,70,g,0.1,260,g,0.1,30,g,25.4,50,g,0,30,g,9.43,0,g,1.1,0,g,4.4,0,g,97,300,mg,723,2300,mg,75,3500,mg,739,700,mg,0.3,11.75,mg,4.1,8.25,mg,6,75,µg,0.3,10,µg,0.52,15,mg,0.15,1.4,mg,2.4,2.4,µg,0,400,mg
GRATED MOZZARELLA CHEESE,Nutrionix,mozzarella cheese,2.19,gms,100,300,2250,kcal,13.15,20,g,22.35,70,g,2.19,260,g,1.03,30,g,22.17,50,g,0,30,g,6.573,0,g,0.765,0,g,0,0,g,79,300,mg,627,2300,mg,76,3500,mg,505,700,mg,0.44,11.75,mg,2.92,8.25,mg,17,75,µg,0.4,10,µg,0.19,15,mg,0.037,1.4,mg,2.28,2.4,µg,0,400,mg
MOZZARELLA CHEESE,Nutrionix,mozzarella cheese,2.19,gms,100,300,2250,kcal,13.15,20,g,22.35,70,g,2.19,260,g,1.03,30,g,22.17,50,g,0,30,g,6.573,0,g,0.765,0,g,0,0,g,79,300,mg,627,2300,mg,76,3500,mg,505,700,mg,0.44,11.75,mg,2.92,8.25,mg,17,75,µg,0.4,10,µg,0.19,15,mg,0.037,1.4,mg,2.28,2.4,µg,0,400,mg
GREEK YOGHURT,Nutrionix,greek yogurt,3.6,gms,100,59,2250,kcal,0.12,20,g,0.39,70,g,3.6,260,g,3.24,30,g,10.19,50,g,0,30,g,0.053,0,g,0.012,0,g,0.006,0,g,5,300,mg,36,2300,mg,141,3500,mg,110,700,mg,0.07,11.75,mg,0.52,8.25,mg,9.7,75,µg,0,10,µg,0.01,15,mg,0.063,1.4,mg,0.75,2.4,µg,0,400,mg
GREEK YOGURT (SOUR IS BETTER),Nutrionix,greek yogurt,3.6,gms,100,59,2250,kcal,0.12,20,g,0.39,70,g,3.6,260,g,3.24,30,g,10.19,50,g,0,30,g,0.053,0,g,0.012,0,g,0.006,0,g,5,300,mg,36,2300,mg,141,3500,mg,110,700,mg,0.07,11.75,mg,0.52,8.25,mg,9.7,75,µg,0,10,µg,0.01,15,mg,0.063,1.4,mg,0.75,2.4,µg,0,400,mg
GREEN CAPSICUM,Nutrionix,capsicum,7.96,gms,100,40,2250,kcal,0.02,20,g,0.2,70,g,9.46,260,g,5.1,30,g,2,50,g,1.5,30,g,0.011,0,g,0.109,0,g,0,0,g,0,300,mg,7,2300,mg,340,3500,mg,18,700,mg,1.2,11.75,mg,0.3,8.25,mg,0.5,75,µg,0,10,µg,0.69,15,mg,0.278,1.4,mg,0,2.4,µg,0,400,mg
GREEN CARDAMOM,Nutrionix,green cardamom,40.47,gms,100,311,2250,kcal,0.68,20,g,6.7,70,g,68.47,260,g,0,30,g,10.76,50,g,28,30,g,0.87,0,g,0.43,0,g,0,0,g,0,300,mg,18,2300,mg,1119,3500,mg,383,700,mg,13.97,11.75,mg,7.47,8.25,mg,0,75,µg,0,10,µg,0,15,mg,0.23,1.4,mg,0,2.4,µg,0,400,mg
HAZELNUTS,Nutrionix,hazelnuts,8.2,gms,100,646,2250,kcal,4.51,20,g,62.4,70,g,17.6,260,g,4.89,30,g,15.03,50,g,9.4,30,g,46.608,0,g,8.463,0,g,0,0,g,0,300,mg,0,2300,mg,755,3500,mg,123,700,mg,4.38,11.75,mg,2.5,8.25,mg,4.1,75,µg,0,10,µg,15.28,15,mg,0.62,1.4,mg,0,2.4,µg,0,400,mg
BLACK CARDAMOM,Nutrionix,cardamom,40.47,gms,100,311,2250,kcal,0.68,20,g,6.7,70,g,68.47,260,g,0,30,g,10.76,50,g,28,30,g,0.87,0,g,0.43,0,g,0,0,g,0,300,mg,18,2300,mg,1119,3500,mg,383,700,mg,13.97,11.75,mg,7.47,8.25,mg,0,75,µg,0,10,µg,0,15,mg,0.23,1.4,mg,0,2.4,µg,0,400,mg
GREEN CARDAMOM POWDER,Nutrionix,green cardamom,40.47,gms,100,311,2250,kcal,0.68,20,g,6.7,70,g,68.47,260,g,0,30,g,10.76,50,g,28,30,g,0.87,0,g,0.43,0,g,0,0,g,0,300,mg,18,2300,mg,1119,3500,mg,383,700,mg,13.97,11.75,mg,7.47,8.25,mg,0,75,µg,0,10,µg,0,15,mg,0.23,1.4,mg,0,2.4,µg,0,400,mg
BLACK CARDAMOM POWDER,Nutrionix,cardamom,40.47,gms,100,311,2250,kcal,0.68,20,g,6.7,70,g,68.47,260,g,0,30,g,10.76,50,g,28,30,g,0.87,0,g,0.43,0,g,0,0,g,0,300,mg,18,2300,mg,1119,3500,mg,383,700,mg,13.97,11.75,mg,7.47,8.25,mg,0,75,µg,0,10,µg,0,15,mg,0.23,1.4,mg,0,2.4,µg,0,400,mg
CARDAMOM POWDER,Nutrionix,cardamom,40.47,gms,100,311,2250,kcal,0.68,20,g,6.7,70,g,68.47,260,g,0,30,g,10.76,50,g,28,30,g,0.87,0,g,0.43,0,g,0,0,g,0,300,mg,18,2300,mg,1119,3500,mg,383,700,mg,13.97,11.75,mg,7.47,8.25,mg,0,75,µg,0,10,µg,0,15,mg,0.23,1.4,mg,0,2.4,µg,0,400,mg
MACADEMIA NUTS,Nutrionix,macademia nuts,5.22,gms,100,718,2250,kcal,12.06,20,g,75.77,70,g,13.82,260,g,4.57,30,g,7.91,50,g,8.6,30,g,58.877,0,g,1.502,0,g,0,0,g,0,300,mg,5,2300,mg,368,3500,mg,85,700,mg,3.69,11.75,mg,1.3,8.25,mg,3.6,75,µg,0,10,µg,0.54,15,mg,0.275,1.4,mg,0,2.4,µg,0,400,mg
NUTMEG,Nutrionix,nutmeg,28.49,gms,100,525,2250,kcal,25.94,20,g,36.31,70,g,49.29,260,g,2.99,30,g,5.84,50,g,20.8,30,g,3.22,0,g,0.35,0,g,0,0,g,0,300,mg,16,2300,mg,350,3500,mg,184,700,mg,3.04,11.75,mg,2.15,8.25,mg,1.6,75,µg,0,10,µg,0,15,mg,0.16,1.4,mg,0,2.4,µg,0,400,mg
NUTMEG POWDER,Nutrionix,nutmeg,28.49,gms,100,525,2250,kcal,25.94,20,g,36.31,70,g,49.29,260,g,2.99,30,g,5.84,50,g,20.8,30,g,3.22,0,g,0.35,0,g,0,0,g,0,300,mg,16,2300,mg,350,3500,mg,184,700,mg,3.04,11.75,mg,2.15,8.25,mg,1.6,75,µg,0,10,µg,0,15,mg,0.16,1.4,mg,0,2.4,µg,0,400,mg
MILK,Nutrionix,milk,4.8,gms,100,50,2250,kcal,1.26,20,g,1.98,70,g,4.8,260,g,5.06,30,g,3.3,50,g,0,30,g,0.56,0,g,0.073,0,g,0.085,0,g,8,300,mg,47,2300,mg,140,3500,mg,120,700,mg,0.02,11.75,mg,0.48,8.25,mg,2.5,75,µg,1.2,10,µg,0.03,15,mg,0.038,1.4,mg,0.53,2.4,µg,0,400,mg
OAT FLOUR,Nutrionix,oat flour,59.2,gms,100,404,2250,kcal,1.61,20,g,9.12,70,g,65.7,260,g,0.8,30,g,14.66,50,g,6.5,30,g,2.866,0,g,3.329,0,g,0,0,g,0,300,mg,19,2300,mg,371,3500,mg,55,700,mg,4,11.75,mg,3.2,8.25,mg,34,75,µg,0,10,µg,0.7,15,mg,0.125,1.4,mg,0,2.4,µg,0,400,mg
OKRA,Nutrionix,okra,2.01,gms,100,22,2250,kcal,0.05,20,g,0.21,70,g,4.51,260,g,2.4,30,g,1.87,50,g,2.5,30,g,0.028,0,g,0.046,0,g,0,0,g,0,300,mg,6,2300,mg,135,3500,mg,77,700,mg,0.28,11.75,mg,0.43,8.25,mg,0.4,75,µg,0,10,µg,0.27,15,mg,0.187,1.4,mg,0,2.4,µg,0,400,mg
ONION,Nutrionix,onion,8.75,gms,100,44,2250,kcal,0.03,20,g,0.19,70,g,10.15,260,g,4.73,30,g,1.36,50,g,1.4,30,g,0.027,0,g,0.073,0,g,0,0,g,0,300,mg,3,2300,mg,166,3500,mg,22,700,mg,0.24,11.75,mg,0.21,8.25,mg,0.6,75,µg,0,10,µg,0.02,15,mg,0.129,1.4,mg,0,2.4,µg,0,400,mg
ONION SEEDS,Nutrionix,onion,8.75,gms,100,44,2250,kcal,0.03,20,g,0.19,70,g,10.15,260,g,4.73,30,g,1.36,50,g,1.4,30,g,0.027,0,g,0.073,0,g,0,0,g,0,300,mg,3,2300,mg,166,3500,mg,22,700,mg,0.24,11.75,mg,0.21,8.25,mg,0.6,75,µg,0,10,µg,0.02,15,mg,0.129,1.4,mg,0,2.4,µg,0,400,mg
ORANGE,Nutrionix,orange,10.34,gms,100,49,2250,kcal,0.02,20,g,0.15,70,g,12.54,260,g,8.5,30,g,0.91,50,g,2.2,30,g,0.03,0,g,0.031,0,g,0,0,g,0,300,mg,1,2300,mg,166,3500,mg,43,700,mg,0.13,11.75,mg,0.08,8.25,mg,0,75,µg,0,10,µg,0.15,15,mg,0.079,1.4,mg,0,2.4,µg,0,400,mg
ORANGE CAPSICUM,UKDB,capsicum,4.3,gms,100,21,2250,kcal,0.02,20,g,0.2,70,g,6.5,260,g,4.2,30,g,0.8,50,g,2.2,30,g,0,0,g,0.1,0,g,0,0,g,0,300,mg,1,2300,mg,216,3500,mg,7,700,mg,0.39,11.75,mg,0.2,8.25,mg,0,75,µg,0,10,µg,0.95,15,mg,0.23,1.4,mg,0,2.4,µg,0,400,mg
PANEER,Nutrionix,paneer,2.98,gms,100,299,2250,kcal,12.94,20,g,23.82,70,g,2.98,260,g,2.32,30,g,18.09,50,g,0,30,g,5.966,0,g,1.106,0,g,0.834,0,g,69,300,mg,751,2300,mg,129,3500,mg,566,700,mg,0.2,11.75,mg,2.58,8.25,mg,19.3,75,µg,2.7,10,µg,0.37,15,mg,0.076,1.4,mg,1.68,2.4,µg,0,400,mg
PASTA SAUCE,Nutrionix,pasta sauce,5.63,gms,100,50,2250,kcal,0.22,20,g,1.61,70,g,7.43,260,g,4.91,30,g,1.39,50,g,1.8,30,g,0.298,0,g,0.673,0,g,0.007,0,g,2,300,mg,437,2300,mg,320,3500,mg,26,700,mg,0.73,11.75,mg,0.2,8.25,mg,1.4,75,µg,0,10,µg,2.4,15,mg,0.173,1.4,mg,0,2.4,µg,0,400,mg
PEA PROTEIN,Nutrionix,pea protein,3.15,gms,100,352,2250,kcal,0.78,20,g,1.56,70,g,6.25,260,g,0,30,g,78.13,50,g,3.1,30,g,0.158,0,g,0.299,0,g,0,0,g,16,300,mg,156,2300,mg,500,3500,mg,469,700,mg,1.13,11.75,mg,6.18,8.25,mg,26.7,75,µg,0,10,µg,0,15,mg,0.607,1.4,mg,2.45,2.4,µg,0,400,mg
PEANUT,Nutrionix,peanut,12.86,gms,100,587,2250,kcal,7.72,20,g,49.66,70,g,21.26,260,g,4.9,30,g,24.35,50,g,8.4,30,g,26.181,0,g,9.773,0,g,0.027,0,g,0,300,mg,410,2300,mg,634,3500,mg,58,700,mg,1.58,11.75,mg,2.77,8.25,mg,9.3,75,µg,0,10,µg,4.93,15,mg,0.466,1.4,mg,0,2.4,µg,0,400,mg
PEANUTS,Nutrionix,peanuts,12.86,gms,100,587,2250,kcal,7.72,20,g,49.66,70,g,21.26,260,g,4.9,30,g,24.35,50,g,8.4,30,g,26.181,0,g,9.773,0,g,0.027,0,g,0,300,mg,410,2300,mg,634,3500,mg,58,700,mg,1.58,11.75,mg,2.77,8.25,mg,9.3,75,µg,0,10,µg,4.93,15,mg,0.466,1.4,mg,0,2.4,µg,0,400,mg
PEPPER,Nutrionix,pepper,38.65,gms,100,251,2250,kcal,1.39,20,g,3.26,70,g,63.95,260,g,0.64,30,g,10.39,50,g,25.3,30,g,0.739,0,g,0.998,0,g,0,0,g,0,300,mg,20,2300,mg,1329,3500,mg,443,700,mg,9.71,11.75,mg,1.19,8.25,mg,4.9,75,µg,0,10,µg,1.04,15,mg,0.291,1.4,mg,0,2.4,µg,0,400,mg
PINE NUT,Nutrionix,nut,14.05,gms,100,607,2250,kcal,8.71,20,g,53.95,70,g,21.05,260,g,4.15,30,g,20.04,50,g,7,30,g,28.488,0,g,14.612,0,g,0.055,0,g,0,300,mg,273,2300,mg,632,3500,mg,117,700,mg,2.61,11.75,mg,3.36,8.25,mg,33.9,75,µg,0,10,µg,7.82,15,mg,0.352,1.4,mg,0,2.4,µg,0,400,mg
PINE NUTS,Nutrionix,pine nuts,9.38,gms,100,673,2250,kcal,4.9,20,g,68.37,70,g,13.08,260,g,3.59,30,g,13.69,50,g,3.7,30,g,18.764,0,g,34.071,0,g,0,0,g,0,300,mg,2,2300,mg,597,3500,mg,16,700,mg,5.53,11.75,mg,6.45,8.25,mg,0.7,75,µg,0,10,µg,9.33,15,mg,0.094,1.4,mg,0,2.4,µg,0,400,mg
PINK HIMALAYAN SALT,Nutrionix,pink himalayan salt,0,gms,100,0,2250,kcal,0,20,g,0,70,g,0,260,g,0,30,g,0,50,g,0,30,g,0,0,g,0,0,g,0,0,g,0,300,mg,38758,2300,mg,8,3500,mg,24,700,mg,0.33,11.75,mg,0.1,8.25,mg,0.1,75,µg,0,10,µg,0,15,mg,0,1.4,mg,0,2.4,µg,0,400,mg
PISTACHIO NUTS,Nutrionix,pistachio nuts,17.25,gms,100,569,2250,kcal,5.65,20,g,45.82,70,g,27.55,260,g,7.74,30,g,21.05,50,g,10.3,30,g,24.534,0,g,13.346,0,g,0,0,g,0,300,mg,428,2300,mg,1007,3500,mg,107,700,mg,4.03,11.75,mg,2.34,8.25,mg,10,75,µg,0,10,µg,2.17,15,mg,1.122,1.4,mg,0,2.4,µg,0,400,mg
PISTACHIOS,Nutrionix,pistachios,17.25,gms,100,569,2250,kcal,5.65,20,g,45.82,70,g,27.55,260,g,7.74,30,g,21.05,50,g,10.3,30,g,24.534,0,g,13.346,0,g,0,0,g,0,300,mg,428,2300,mg,1007,3500,mg,107,700,mg,4.03,11.75,mg,2.34,8.25,mg,10,75,µg,0,10,µg,2.17,15,mg,1.122,1.4,mg,0,2.4,µg,0,400,mg
PISTACHIO,Nutrionix,pistachio,17.25,gms,100,569,2250,kcal,5.65,20,g,45.82,70,g,27.55,260,g,7.74,30,g,21.05,50,g,10.3,30,g,24.534,0,g,13.346,0,g,0,0,g,0,300,mg,428,2300,mg,1007,3500,mg,107,700,mg,4.03,11.75,mg,2.34,8.25,mg,10,75,µg,0,10,µg,2.17,15,mg,1.122,1.4,mg,0,2.4,µg,0,400,mg
PUMPKIN SEEDS,UKDB,pumpkin seeds,15.2,gms,100,565,2250,kcal,3.67,20,g,45.6,70,g,33.6,260,g,1.1,30,g,24.4,50,g,18.4,30,g,11.2,0,g,21.71,0,g,0,0,g,0,300,mg,18,2300,mg,820,3500,mg,39,700,mg,10,11.75,mg,6.6,8.25,mg,6,75,µg,0,10,µg,0,15,mg,0.037,1.4,mg,0,2.4,µg,0,400,mg
RADISHES,Nutrionix,radishes,1.8,gms,100,16,2250,kcal,0.03,20,g,0.1,70,g,3.4,260,g,1.86,30,g,0.68,50,g,1.6,30,g,0.017,0,g,0.048,0,g,0,0,g,0,300,mg,39,2300,mg,233,3500,mg,25,700,mg,0.34,11.75,mg,0.28,8.25,mg,0.6,75,µg,0,10,µg,0,15,mg,0.071,1.4,mg,0,2.4,µg,0,400,mg
RASPBERIIES,Nutrionix,raspberries,5.44,gms,100,52,2250,kcal,0.02,20,g,0.65,70,g,11.94,260,g,4.42,30,g,1.2,50,g,6.5,30,g,0.064,0,g,0.375,0,g,0,0,g,0,300,mg,1,2300,mg,151,3500,mg,25,700,mg,0.69,11.75,mg,0.42,8.25,mg,0.2,75,µg,0,10,µg,0.87,15,mg,0.055,1.4,mg,0,2.4,µg,0,400,mg
RASPBERRIES,Nutrionix,raspberries,5.44,gms,100,52,2250,kcal,0.02,20,g,0.65,70,g,11.94,260,g,4.42,30,g,1.2,50,g,6.5,30,g,0.064,0,g,0.375,0,g,0,0,g,0,300,mg,1,2300,mg,151,3500,mg,25,700,mg,0.69,11.75,mg,0.42,8.25,mg,0.2,75,µg,0,10,µg,0.87,15,mg,0.055,1.4,mg,0,2.4,µg,0,400,mg
RED CAPSICUM,UKDB,capsicum,4.3,gms,100,21,2250,kcal,0.02,20,g,0.2,70,g,6.5,260,g,4.2,30,g,0.8,50,g,2.2,30,g,0,0,g,0.1,0,g,0,0,g,0,300,mg,1,2300,mg,216,3500,mg,7,700,mg,0.39,11.75,mg,0.2,8.25,mg,0,75,µg,0,10,µg,0.95,15,mg,0.23,1.4,mg,0,2.4,µg,0,400,mg
RED CHILLI FLAKES,Nutrionix,chilli powder,14.9,gms,100,282,2250,kcal,2.46,20,g,14.28,70,g,49.7,260,g,7.19,30,g,13.46,50,g,34.8,30,g,3.211,0,g,8.006,0,g,0,0,g,0,300,mg,2867.0001,2300,mg,1950,3500,mg,330,700,mg,17.3,11.75,mg,4.3,8.25,mg,20.4,75,µg,0,10,µg,38.14,15,mg,2.094,1.4,mg,0,2.4,µg,0,400,mg
CHILLI FLAKES,Nutrionix,chilli powder,14.9,gms,100,282,2250,kcal,2.46,20,g,14.28,70,g,49.7,260,g,7.19,30,g,13.46,50,g,34.8,30,g,3.211,0,g,8.006,0,g,0,0,g,0,300,mg,2867.0001,2300,mg,1950,3500,mg,330,700,mg,17.3,11.75,mg,4.3,8.25,mg,20.4,75,µg,0,10,µg,38.14,15,mg,2.094,1.4,mg,0,2.4,µg,0,400,mg
RED CHILLI POWDER,Nutrionix,chilli powder,14.9,gms,100,282,2250,kcal,2.46,20,g,14.28,70,g,49.7,260,g,7.19,30,g,13.46,50,g,34.8,30,g,3.211,0,g,8.006,0,g,0,0,g,0,300,mg,2867.0001,2300,mg,1950,3500,mg,330,700,mg,17.3,11.75,mg,4.3,8.25,mg,20.4,75,µg,0,10,µg,38.14,15,mg,2.094,1.4,mg,0,2.4,µg,0,400,mg
RED CHILLI,Nutrionix,chilli powder,14.9,gms,100,282,2250,kcal,2.46,20,g,14.28,70,g,49.7,260,g,7.19,30,g,13.46,50,g,34.8,30,g,3.211,0,g,8.006,0,g,0,0,g,0,300,mg,2867.0001,2300,mg,1950,3500,mg,330,700,mg,17.3,11.75,mg,4.3,8.25,mg,20.4,75,µg,0,10,µg,38.14,15,mg,2.094,1.4,mg,0,2.4,µg,0,400,mg
ROCK SALT,Nutrionix,salt,0,gms,100,0,2250,kcal,0,20,g,0,70,g,0,260,g,0,30,g,0,50,g,0,30,g,0,0,g,0,0,g,0,0,g,0,300,mg,38758.0006,2300,mg,8,3500,mg,24,700,mg,0.33,11.75,mg,0.1,8.25,mg,0.1,75,µg,0,10,µg,0,15,mg,0,1.4,mg,0,2.4,µg,0,400,mg
SALTED BUTTER,Nutrionix,salted butter,0.06,gms,100,717,2250,kcal,51.37,20,g,81.11,70,g,0.06,260,g,0.06,30,g,0.85,50,g,0,30,g,21.021,0,g,3.043,0,g,3.278,0,g,215,300,mg,643,2300,mg,24,3500,mg,24,700,mg,0.02,11.75,mg,0.09,8.25,mg,1,75,µg,0,10,µg,2.32,15,mg,0.003,1.4,mg,0.17,2.4,µg,0,400,mg
SMOOTH PEANUT BUTTER,Nutrionix,peanut butter,18.28,gms,100,588,2250,kcal,9.52,20,g,49.54,70,g,23.98,260,g,6.5,30,g,21.93,50,g,5.7,30,g,20.726,0,g,11.331,0,g,0,0,g,0,300,mg,476,2300,mg,592,3500,mg,54,700,mg,2.16,11.75,mg,2.67,8.25,mg,40.4,75,µg,0,10,µg,5.94,15,mg,0.551,1.4,mg,0,2.4,µg,0,400,mg
SOYA CHUNKS,Nutrionix,soya,2.36,gms,100,172,2250,kcal,1.3,20,g,8.97,70,g,8.36,260,g,3,30,g,18.21,50,g,6,30,g,1.981,0,g,5.064,0,g,0,0,g,0,300,mg,1,2300,mg,515,3500,mg,102,700,mg,5.14,11.75,mg,1.15,8.25,mg,7.3,75,µg,0,10,µg,0.35,15,mg,0.234,1.4,mg,0,2.4,µg,0,400,mg
SOYA FLOUR,Nutrionix,soya,2.36,gms,100,172,2250,kcal,1.3,20,g,8.97,70,g,8.36,260,g,3,30,g,18.21,50,g,6,30,g,1.981,0,g,5.064,0,g,0,0,g,0,300,mg,1,2300,mg,515,3500,mg,102,700,mg,5.14,11.75,mg,1.15,8.25,mg,7.3,75,µg,0,10,µg,0.35,15,mg,0.234,1.4,mg,0,2.4,µg,0,400,mg
Flour,Nutrionix,flour,73.61,gms,100,364,2250,kcal,0.19,20,g,0.98,70,g,76.31,260,g,0.27,30,g,10.33,50,g,2.7,30,g,0.09,0,g,0.41,0,g,0,0,g,0,300,mg,2,2300,mg,107,3500,mg,15,700,mg,4.64,11.75,mg,0.7,8.25,mg,33.9,75,µg,0,10,µg,0.06,15,mg,0.04,1.4,mg,0,2.4,µg,0,400,mg
SPARKLING WATER,Nutrionix,sparkling water,0,gms,100,0,2250,kcal,0,20,g,0,70,g,0,260,g,0,30,g,0,50,g,0,30,g,0,0,g,0,0,g,0,0,g,0,300,mg,1,2300,mg,0,3500,mg,14,700,mg,0,11.75,mg,0,8.25,mg,0,75,µg,0,10,µg,0,15,mg,0,1.4,mg,0,2.4,µg,0,400,mg
SUGAR,Nutrionix,sugar,99.98,gms,100,387,2250,kcal,0,20,g,0,70,g,99.98,260,g,99.8,30,g,0,50,g,0,30,g,0,0,g,0,0,g,0,0,g,0,300,mg,1,2300,mg,2,3500,mg,1,700,mg,0.05,11.75,mg,0.01,8.25,mg,0.6,75,µg,0,10,µg,0,15,mg,0,1.4,mg,0,2.4,µg,0,400,mg
SUGARFREE TOMATO KETCHUP,Label,tomato ketchup,2,gms,100,101,2250,kcal,0.01,20,g,0.1,70,g,2.3,260,g,21.27,30,g,1.04,50,g,0.3,30,g,0.015,0,g,0.041,0,g,0,0,g,0,300,mg,907,2300,mg,281,3500,mg,15,700,mg,0.35,11.75,mg,0.17,8.25,mg,0.7,75,µg,0,10,µg,1.46,15,mg,0.158,1.4,mg,0,2.4,µg,0,400,mg
SUNFLOWER SEED FLOUR,Nutrionix,sunflower seed,6.31,gms,100,546,2250,kcal,5.22,20,g,49.8,70,g,15.31,260,g,2.73,30,g,19.33,50,g,9,30,g,9.505,0,g,32.884,0,g,0,0,g,0,300,mg,6008.0001,2300,mg,850,3500,mg,70,700,mg,3.8,11.75,mg,5.29,8.25,mg,79.3,75,µg,0,10,µg,26.1,15,mg,0.804,1.4,mg,0,2.4,µg,0,400,mg
SUNFLOWER SEEDS,Nutrionix,sunflower seeds,6.31,gms,100,546,2250,kcal,5.22,20,g,49.8,70,g,15.31,260,g,2.73,30,g,19.33,50,g,9,30,g,9.505,0,g,32.884,0,g,0,0,g,0,300,mg,6008.0001,2300,mg,850,3500,mg,70,700,mg,3.8,11.75,mg,5.29,8.25,mg,79.3,75,µg,0,10,µg,26.1,15,mg,0.804,1.4,mg,0,2.4,µg,0,400,mg
SWEDE,Nutrionix,swede,6.32,gms,100,37,2250,kcal,0.03,20,g,0.16,70,g,8.62,260,g,4.46,30,g,1.08,50,g,2.3,30,g,0.025,0,g,0.088,0,g,0,0,g,0,300,mg,12,2300,mg,305,3500,mg,43,700,mg,0.44,11.75,mg,0.24,8.25,mg,0.7,75,µg,0,10,µg,0.3,15,mg,0.1,1.4,mg,0,2.4,µg,0,400,mg
CELERIAC,Nutrionix,celeriac,4.7,gms,100,27,2250,kcal,,20,g,0.19,70,g,5.9,260,g,0,30,g,0.96,50,g,1.2,30,g,0,0,g,0,0,g,0,0,g,0,300,mg,61,2300,mg,173,3500,mg,26,700,mg,0.43,11.75,mg,0.2,8.25,mg,0.4,75,µg,0,10,µg,0,15,mg,0.1,1.4,mg,0,2.4,µg,0,400,mg
TANDOORI MASALA,Nutrionix,masala,33.48,gms,100,315.3078,2250,kcal,2.91,20,g,12.6682,70,g,57.8819,260,g,1.5736,30,g,11.2221,50,g,24.4036,30,g,5.3873,0,g,1.6314,0,g,0.0156,0,g,0,300,mg,84.5739,2300,mg,1212.0223,3500,mg,664.5877,700,mg,28.8731,11.75,mg,3.6497,8.25,mg,3.7448,75,µg,0,10,µg,2.2828,15,mg,0.3038,1.4,mg,0,2.4,µg,0,400,mg
TOFU,Nutrionix,tofu,0.18,gms,100,83,2250,kcal,0.92,20,g,5.26,70,g,1.18,260,g,0.71,30,g,9.98,50,g,1,30,g,1.318,0,g,2.657,0,g,0,0,g,0,300,mg,4,2300,mg,130,3500,mg,282,700,mg,2.04,11.75,mg,1.07,8.25,mg,13,75,µg,0,10,µg,0.01,15,mg,0.083,1.4,mg,0,2.4,µg,0,400,mg
TOMATO,Nutrionix,tomato,2.69,gms,100,18,2250,kcal,0.03,20,g,0.2,70,g,3.89,260,g,2.63,30,g,0.88,50,g,1.2,30,g,0.031,0,g,0.083,0,g,0,0,g,0,300,mg,5,2300,mg,237,3500,mg,10,700,mg,0.27,11.75,mg,0.17,8.25,mg,0,75,µg,0,10,µg,0.54,15,mg,0.08,1.4,mg,0,2.4,µg,0,400,mg
TOMATOES,Nutrionix,tomatoes,2.69,gms,100,18,2250,kcal,0.03,20,g,0.2,70,g,3.89,260,g,2.63,30,g,0.88,50,g,1.2,30,g,0.031,0,g,0.083,0,g,0,0,g,0,300,mg,5,2300,mg,237,3500,mg,10,700,mg,0.27,11.75,mg,0.17,8.25,mg,0,75,µg,0,10,µg,0.54,15,mg,0.08,1.4,mg,0,2.4,µg,0,400,mg
TOMATO PUREE,Nutrionix,tomato puree,7.08,gms,100,38,2250,kcal,0.03,20,g,0.21,70,g,8.98,260,g,4.83,30,g,1.65,50,g,1.9,30,g,0.031,0,g,0.086,0,g,0,0,g,0,300,mg,28,2300,mg,439,3500,mg,18,700,mg,1.78,11.75,mg,0.36,8.25,mg,0.7,75,µg,0,10,µg,1.97,15,mg,0.126,1.4,mg,0,2.4,µg,0,400,mg
VINE TOMATOES,Nutrionix,tomatoes,2.69,gms,100,18,2250,kcal,0.03,20,g,0.2,70,g,3.89,260,g,2.63,30,g,0.88,50,g,1.2,30,g,0.031,0,g,0.083,0,g,0,0,g,0,300,mg,5,2300,mg,237,3500,mg,10,700,mg,0.27,11.75,mg,0.17,8.25,mg,0,75,µg,0,10,µg,0.54,15,mg,0.08,1.4,mg,0,2.4,µg,0,400,mg
VITAL WHEAT GLUTEN,Nutrionix,vital wheat gluten,13.19,gms,100,370,2250,kcal,0.27,20,g,1.85,70,g,13.79,260,g,0,30,g,75.16,50,g,0.6,30,g,0.156,0,g,0.81,0,g,0,0,g,0,300,mg,29,2300,mg,100,3500,mg,142,700,mg,5.2,11.75,mg,0.85,8.25,mg,39.7,75,µg,0,10,µg,0,15,mg,0,1.4,mg,0,2.4,µg,0,400,mg
WALNUTS,Nutrionix,walnuts,7.01,gms,100,654,2250,kcal,6.13,20,g,65.21,70,g,13.71,260,g,2.61,30,g,15.23,50,g,6.7,30,g,8.933,0,g,47.174,0,g,0,0,g,0,300,mg,2,2300,mg,441,3500,mg,98,700,mg,2.91,11.75,mg,3.09,8.25,mg,4.9,75,µg,0,10,µg,0.7,15,mg,0.537,1.4,mg,0,2.4,µg,0,400,mg
WATER-SOAKED DRY RED CHILLIES,Nutrionix,chillies,7.96,gms,100,40,2250,kcal,0.01,20,g,0.2,70,g,9.46,260,g,5.1,30,g,2,50,g,1.5,30,g,0.01,0,g,0.11,0,g,0,0,g,0,300,mg,7,2300,mg,340,3500,mg,18,700,mg,1.2,11.75,mg,0.3,8.25,mg,0.5,75,µg,0,10,µg,0.69,15,mg,0.28,1.4,mg,0,2.4,µg,0,400,mg
WHEAT BRAN,Nutrionix,wheat bran,21.71,gms,100,216,2250,kcal,0.63,20,g,4.25,70,g,64.51,260,g,0.41,30,g,15.55,50,g,42.8,30,g,0.637,0,g,2.212,0,g,0,0,g,0,300,mg,2,2300,mg,1182,3500,mg,73,700,mg,10.57,11.75,mg,7.27,8.25,mg,77.6,75,µg,0,10,µg,1.49,15,mg,1.303,1.4,mg,0,2.4,µg,0,400,mg
WHEAT FLOUR,Nutrionix,wheat flour,73.61,gms,100,364,2250,kcal,0.16,20,g,0.98,70,g,76.31,260,g,0.27,30,g,10.33,50,g,2.7,30,g,0.087,0,g,0.413,0,g,0,0,g,0,300,mg,2,2300,mg,107,3500,mg,15,700,mg,4.64,11.75,mg,0.7,8.25,mg,33.9,75,µg,0,10,µg,0.06,15,mg,0.044,1.4,mg,0,2.4,µg,0,400,mg
WHOLE MILK,Nutrionix,whole milk,4.8,gms,100,61,2250,kcal,1.87,20,g,3.25,70,g,4.8,260,g,5.05,30,g,3.15,50,g,0,30,g,0.812,0,g,0.195,0,g,0,0,g,10,300,mg,43,2300,mg,132,3500,mg,113,700,mg,0.03,11.75,mg,0.37,8.25,mg,3.7,75,µg,1.3,10,µg,0.07,15,mg,0.036,1.4,mg,0.45,2.4,µg,0,400,mg
YELLOW CAPSICUM,UKDB,capsicum,4.3,gms,100,21,2250,kcal,0.02,20,g,0.2,70,g,6.5,260,g,4.2,30,g,0.8,50,g,2.2,30,g,0,0,g,0.1,0,g,0,0,g,0,300,mg,1,2300,mg,216,3500,mg,7,700,mg,0.39,11.75,mg,0.2,8.25,mg,0,75,µg,0,10,µg,0.95,15,mg,0.23,1.4,mg,0,2.4,µg,0,400,mg
RED ONION,Nutrionix,red onion,8.75,gms,100,44,2250,kcal,0.03,20,g,0.19,70,g,10.15,260,g,4.73,30,g,1.36,50,g,1.4,30,g,0.027,0,g,0.073,0,g,0,0,g,0,300,mg,3,2300,mg,166,3500,mg,22,700,mg,0.24,11.75,mg,0.21,8.25,mg,0.6,75,µg,0,10,µg,0.02,15,mg,0.129,1.4,mg,0,2.4,µg,0,400,mg
RED ONIONS,Nutrionix,red onions,8.75,gms,100,44,2250,kcal,0.03,20,g,0.19,70,g,10.15,260,g,4.73,30,g,1.36,50,g,1.4,30,g,0.027,0,g,0.073,0,g,0,0,g,0,300,mg,3,2300,mg,166,3500,mg,22,700,mg,0.24,11.75,mg,0.21,8.25,mg,0.6,75,µg,0,10,µg,0.02,15,mg,0.129,1.4,mg,0,2.4,µg,0,400,mg
WATER,Nutrionix,water,0,gms,100,0,2250,kcal,0,20,g,0,70,g,0,260,g,0,30,g,0,50,g,0,30,g,0,0,g,0,0,g,0,0,g,0,300,mg,4,2300,mg,0,3500,mg,3,700,mg,0,11.75,mg,0.01,8.25,mg,0,75,µg,0,10,µg,0,15,mg,0,1.4,mg,0,2.4,µg,0,400,mg
SPRING ONION,Nutrionix,spring onion,4.74,gms,100,32,2250,kcal,0.03,20,g,0.19,70,g,7.34,260,g,2.33,30,g,1.83,50,g,2.6,30,g,0.027,0,g,0.074,0,g,0,0,g,0,300,mg,16,2300,mg,276,3500,mg,72,700,mg,1.48,11.75,mg,0.39,8.25,mg,0.6,75,µg,0,10,µg,0.55,15,mg,0.061,1.4,mg,0,2.4,µg,0,400,mg
WHITE ONION,Nutrionix,white onion,8.75,gms,100,44,2250,kcal,0.03,20,g,0.19,70,g,10.15,260,g,4.73,30,g,1.36,50,g,1.4,30,g,0.027,0,g,0.073,0,g,0,0,g,0,300,mg,3,2300,mg,166,3500,mg,22,700,mg,0.24,11.75,mg,0.21,8.25,mg,0.6,75,µg,0,10,µg,0.02,15,mg,0.129,1.4,mg,0,2.4,µg,0,400,mg
GARLIC POWDER,Nutrionix,garlic powder,63.73,gms,100,331,2250,kcal,0.25,20,g,0.73,70,g,72.73,260,g,2.43,30,g,16.55,50,g,9,30,g,0.115,0,g,0.178,0,g,0,0,g,0,300,mg,60,2300,mg,1193,3500,mg,79,700,mg,5.65,11.75,mg,2.99,8.25,mg,23.9,75,µg,0,10,µg,0.67,15,mg,1.654,1.4,mg,0,2.4,µg,0,400,mg
LEMON,Nutrionix,lemon,6.52,gms,100,29,2250,kcal,0.04,20,g,0.3,70,g,9.32,260,g,2.5,30,g,1.1,50,g,2.8,30,g,0.011,0,g,0.089,0,g,0,0,g,0,300,mg,2,2300,mg,138,3500,mg,26,700,mg,0.6,11.75,mg,0.06,8.25,mg,0.4,75,µg,0,10,µg,0.15,15,mg,0.08,1.4,mg,0,2.4,µg,0,400,mg
BLACK PEPPER,Nutrionix,black pepper,38.65,gms,100,251,2250,kcal,1.39,20,g,3.26,70,g,63.95,260,g,0.64,30,g,10.39,50,g,25.3,30,g,0.739,0,g,0.998,0,g,0,0,g,0,300,mg,20,2300,mg,1329,3500,mg,443,700,mg,9.71,11.75,mg,1.19,8.25,mg,4.9,75,µg,0,10,µg,1.04,15,mg,0.291,1.4,mg,0,2.4,µg,0,400,mg
TURMERIC,Nutrionix,turmeric,44.44,gms,100,312,2250,kcal,1.84,20,g,3.25,70,g,67.14,260,g,3.21,30,g,9.68,50,g,22.7,30,g,0.449,0,g,0.756,0,g,0.056,0,g,0,300,mg,27,2300,mg,2079.9999,3500,mg,168,700,mg,55,11.75,mg,4.5,8.25,mg,6.2,75,µg,0,10,µg,4.43,15,mg,0.107,1.4,mg,0,2.4,µg,0,400,mg
TURMERIC POWDER,Nutrionix,turmeric,44.44,gms,100,312,2250,kcal,1.84,20,g,3.25,70,g,67.14,260,g,3.21,30,g,9.68,50,g,22.7,30,g,0.449,0,g,0.756,0,g,0.056,0,g,0,300,mg,27,2300,mg,2079.9999,3500,mg,168,700,mg,55,11.75,mg,4.5,8.25,mg,6.2,75,µg,0,10,µg,4.43,15,mg,0.107,1.4,mg,0,2.4,µg,0,400,mg
BLACK PEPPER,Nutrionix,black pepper,38.65,gms,100,251,2250,kcal,1.39,20,g,3.26,70,g,63.95,260,g,0.64,30,g,10.39,50,g,25.3,30,g,0.739,0,g,0.998,0,g,0,0,g,0,300,mg,20,2300,mg,1329,3500,mg,443,700,mg,9.71,11.75,mg,1.19,8.25,mg,4.9,75,µg,0,10,µg,1.04,15,mg,0.291,1.4,mg,0,2.4,µg,0,400,mg
BLACK PEPPERCORNS,Nutrionix,peppercorns,38.65,gms,100,251,2250,kcal,1.39,20,g,3.26,70,g,63.95,260,g,0.64,30,g,10.39,50,g,25.3,30,g,0.739,0,g,0.998,0,g,0,0,g,0,300,mg,20,2300,mg,1329,3500,mg,443,700,mg,9.71,11.75,mg,1.19,8.25,mg,4.9,75,µg,0,10,µg,1.04,15,mg,0.291,1.4,mg,0,2.4,µg,0,400,mg
WHITE PEPPER,Nutrionix,white pepper,42.41,gms,100,296,2250,kcal,0.63,20,g,2.12,70,g,68.61,260,g,0,30,g,10.4,50,g,26.2,30,g,0.789,0,g,0.616,0,g,0,0,g,0,300,mg,5,2300,mg,73,3500,mg,265,700,mg,14.31,11.75,mg,1.13,8.25,mg,3.1,75,µg,0,10,µg,0,15,mg,0.1,1.4,mg,0,2.4,µg,0,400,mg
GREEN CHILLI,Nutrionix,green chilli,3.7,gms,100,29,2250,kcal,0.09,20,g,0.37,70,g,6.5,260,g,4.12,30,g,0.91,50,g,2.8,30,g,0.029,0,g,0.112,0,g,0,0,g,0,300,mg,3,2300,mg,248,3500,mg,12,700,mg,0.25,11.75,mg,0.14,8.25,mg,0.4,75,µg,0,10,µg,3.58,15,mg,0.419,1.4,mg,0,2.4,µg,0,400,mg
GREEN CHILLIES,Nutrionix,saffron,61.47,gms,100,310,2250,kcal,1.59,20,g,5.85,70,g,65.37,260,g,0,30,g,11.43,50,g,3.9,30,g,0.429,0,g,2.067,0,g,0,0,g,0,300,mg,148,2300,mg,1724,3500,mg,111,700,mg,11.1,11.75,mg,1.09,8.25,mg,5.6,75,µg,0,10,µg,0,15,mg,1.01,1.4,mg,0,2.4,µg,0,400,mg
SAFFRON (KESAR),Nutrionix,saffron,61.47,gms,100,310,2250,kcal,1.59,20,g,5.85,70,g,65.37,260,g,0,30,g,11.43,50,g,3.9,30,g,0.429,0,g,2.067,0,g,0,0,g,0,300,mg,148,2300,mg,1724,3500,mg,111,700,mg,11.1,11.75,mg,1.09,8.25,mg,5.6,75,µg,0,10,µg,0,15,mg,1.01,1.4,mg,0,2.4,µg,0,400,mg
SAFFRON,Nutrionix,saffron,61.47,gms,100,310,2250,kcal,1.59,20,g,5.85,70,g,65.37,260,g,0,30,g,11.43,50,g,3.9,30,g,0.429,0,g,2.067,0,g,0,0,g,0,300,mg,148,2300,mg,1724,3500,mg,111,700,mg,11.1,11.75,mg,1.09,8.25,mg,5.6,75,µg,0,10,µg,0,15,mg,1.01,1.4,mg,0,2.4,µg,0,400,mg
CARDAMOM,Nutrionix,cardamom,40.47,gms,100,311,2250,kcal,0.68,20,g,6.7,70,g,68.47,260,g,0,30,g,10.76,50,g,28,30,g,0.87,0,g,0.43,0,g,0,0,g,0,300,mg,18,2300,mg,1119,3500,mg,383,700,mg,13.97,11.75,mg,7.47,8.25,mg,0,75,µg,0,10,µg,0,15,mg,0.23,1.4,mg,0,2.4,µg,0,400,mg
ICE,Nutrionix,ice,0,gms,100,0,2250,kcal,0,20,g,0,70,g,0,260,g,0,30,g,0,50,g,0,30,g,0,0,g,0,0,g,0,0,g,0,300,mg,4,2300,mg,0,3500,mg,3,700,mg,0,11.75,mg,0.0099,8.25,mg,0,75,µg,0,10,µg,0,15,mg,0,1.4,mg,0,2.4,µg,0,400,mg
RICE FLOUR,Nutrionix,rice flour,77.73,gms,100,366,2250,kcal,0.39,20,g,1.42,70,g,80.13,260,g,0.12,30,g,5.95,50,g,2.4,30,g,0.442,0,g,0.379,0,g,0,0,g,0,300,mg,0,2300,mg,76,3500,mg,10,700,mg,0.35,11.75,mg,0.8,8.25,mg,15.1,75,µg,0,10,µg,0.11,15,mg,0.436,1.4,mg,0,2.4,µg,0,400,mg
FRESH LEMON JUICE,Nutrionix,fresh lemon juice,6.6,gms,100,22,2250,kcal,0.04,20,g,0.24,70,g,6.9,260,g,2.52,30,g,0.35,50,g,0.3,30,g,0.006,0,g,0.021,0,g,0,0,g,0,300,mg,1,2300,mg,103,3500,mg,6,700,mg,0.08,11.75,mg,0.05,8.25,mg,0.1,75,µg,0,10,µg,0.15,15,mg,0.046,1.4,mg,0,2.4,µg,0,400,mg
LEMON JUICE,Nutrionix,lemon juice,6.6,gms,100,22,2250,kcal,0.04,20,g,0.24,70,g,6.9,260,g,2.52,30,g,0.35,50,g,0.3,30,g,0.006,0,g,0.021,0,g,0,0,g,0,300,mg,1,2300,mg,103,3500,mg,6,700,mg,0.08,11.75,mg,0.05,8.25,mg,0.1,75,µg,0,10,µg,0.15,15,mg,0.046,1.4,mg,0,2.4,µg,0,400,mg
FRESH LIME JUICE,Nutrionix,lime juice,6.6,gms,100,22,2250,kcal,0.04,20,g,0.24,70,g,6.9,260,g,2.52,30,g,0.35,50,g,0.3,30,g,0.006,0,g,0.021,0,g,0,0,g,0,300,mg,1,2300,mg,103,3500,mg,6,700,mg,0.08,11.75,mg,0.05,8.25,mg,0.1,75,µg,0,10,µg,0.15,15,mg,0.046,1.4,mg,0,2.4,µg,0,400,mg
MUSTARD SEEDS,Nutrionix,mustard seeds,15.89,gms,100,508,2250,kcal,1.99,20,g,36.24,70,g,28.09,260,g,6.79,30,g,26.08,50,g,12.2,30,g,22.518,0,g,10.088,0,g,0,0,g,0,300,mg,13,2300,mg,738,3500,mg,266,700,mg,9.21,11.75,mg,6.08,8.25,mg,208.1,75,µg,0,10,µg,5.07,15,mg,0.397,1.4,mg,0,2.4,µg,0,400,mg
GARAM MASALA,Nutrionix,garam masala,33.48,gms,100,315.3078,2250,kcal,2.91,20,g,12.6682,70,g,57.8819,260,g,1.5736,30,g,11.2221,50,g,24.4036,30,g,5.3873,0,g,1.6314,0,g,0.0156,0,g,0,300,mg,84.5739,2300,mg,1212.0223,3500,mg,664.5877,700,mg,28.8731,11.75,mg,3.6497,8.25,mg,3.7448,75,µg,0,10,µg,2.2828,15,mg,0.3038,1.4,mg,0,2.4,µg,0,400,mg
CLOVES,Nutrionix,cloves,31.63,gms,100,274,2250,kcal,3.95,20,g,13,70,g,65.53,260,g,2.38,30,g,5.97,50,g,33.9,30,g,1.393,0,g,3.606,0,g,0.254,0,g,0,300,mg,277,2300,mg,1020,3500,mg,632,700,mg,11.83,11.75,mg,2.32,8.25,mg,7.2,75,µg,0,10,µg,8.82,15,mg,0.391,1.4,mg,0,2.4,µg,0,400,mg
ASAFOETIDA,Nutrionix,asafoetida,44.49,gms,100,312.3389,2250,kcal,1.84,20,g,3.2535,70,g,67.2129,260,g,3.2135,30,g,9.6905,50,g,22.7247,30,g,0.4495,0,g,0.7568,0,g,0.0561,0,g,0,300,mg,27.0293,2300,mg,2082.2594,3500,mg,168.1825,700,mg,55.0597,11.75,mg,4.5049,8.25,mg,6.2067,75,µg,0,10,µg,4.4348,15,mg,0.1071,1.4,mg,0,2.4,µg,0,400,mg
COCOA POWDER,Nutrionix,cocoa powder,40,gms,100,410,2250,kcal,0,20,g,10,70,g,60,260,g,0,30,g,20,50,g,20,30,g,0,0,g,0,0,g,0,0,g,0,300,mg,0,2300,mg,0,3500,mg,0,700,mg,36,11.75,mg,0,8.25,mg,0,75,µg,0,10,µg,0,15,mg,0,1.4,mg,0,2.4,µg,0,400,mg
COCONUT MILK,Nutrionix,coconut milk,2.81,gms,100,197,2250,kcal,18.92,20,g,21.33,70,g,2.81,260,g,0,30,g,2.02,50,g,0,30,g,0.907,0,g,0.233,0,g,0,0,g,0,300,mg,13,2300,mg,220,3500,mg,18,700,mg,3.3,11.75,mg,0.56,8.25,mg,0,75,µg,0,10,µg,0,15,mg,0.028,1.4,mg,0,2.4,µg,0,400,mg
COCONUT CREAM,Nutrionix,coconut cream,53.01,gms,100,357,2250,kcal,15.47,20,g,16.31,70,g,53.21,260,g,51.5,30,g,1.17,50,g,0.2,30,g,0.679,0,g,0.159,0,g,0,0,g,0,300,mg,36,2300,mg,101,3500,mg,4,700,mg,0.13,11.75,mg,0.6,8.25,mg,5.5,75,µg,0,10,µg,0.13,15,mg,0.029,1.4,mg,0,2.4,µg,0,400,mg
COCONUT OIL,Nutrionix,coconut oil,0,gms,100,892,2250,kcal,82.48,20,g,99.06,70,g,0,260,g,0,30,g,0,50,g,0,30,g,6.332,0,g,1.702,0,g,0.028,0,g,0,300,mg,0,2300,mg,0,3500,mg,1,700,mg,0.05,11.75,mg,0.02,8.25,mg,0,75,µg,0,10,µg,0.11,15,mg,0,1.4,mg,0,2.4,µg,0,400,mg
OREGANO,Nutrionix,oregano,26.42,gms,100,265,2250,kcal,1.55,20,g,4.28,70,g,68.92,260,g,4.09,30,g,9,50,g,42.5,30,g,0.716,0,g,1.369,0,g,0,0,g,0,300,mg,25,2300,mg,1260,3500,mg,1597,700,mg,36.8,11.75,mg,2.69,8.25,mg,4.5,75,µg,0,10,µg,18.26,15,mg,1.044,1.4,mg,0,2.4,µg,0,400,mg
ROSEMARY,Nutrionix,rosemary,21.46,gms,100,331,2250,kcal,7.37,20,g,15.22,70,g,64.06,260,g,0,30,g,4.88,50,g,42.6,30,g,3.014,0,g,2.339,0,g,0,0,g,0,300,mg,50,2300,mg,955,3500,mg,1280.0001,700,mg,29.25,11.75,mg,3.23,8.25,mg,4.6,75,µg,0,10,µg,0,15,mg,1.74,1.4,mg,0,2.4,µg,0,400,mg
BAKING SODA,Nutrionix,baking soda,0,gms,100,0,2250,kcal,0,20,g,0,70,g,0,260,g,0,30,g,0,50,g,0,30,g,0,0,g,0,0,g,0,0,g,0,300,mg,27359.9994,2300,mg,0,3500,mg,0,700,mg,0,11.75,mg,0,8.25,mg,0.2,75,µg,0,10,µg,0,15,mg,0,1.4,mg,0,2.4,µg,0,400,mg
BICARBONATE OF SODA,Nutrionix,bicarbonate of soda,0,gms,100,0,2250,kcal,0,20,g,0,70,g,0,260,g,0,30,g,0,50,g,0,30,g,0,0,g,0,0,g,0,0,g,0,300,mg,27359.9994,2300,mg,0,3500,mg,0,700,mg,0,11.75,mg,0,8.25,mg,0.2,75,µg,0,10,µg,0,15,mg,0,1.4,mg,0,2.4,µg,0,400,mg
SALT,Nutrionix,salt,0,gms,100,0,2250,kcal,0,20,g,0,70,g,0,260,g,0,30,g,0,50,g,0,30,g,0,0,g,0,0,g,0,0,g,0,300,mg,38758.0006,2300,mg,8,3500,mg,24,700,mg,0.33,11.75,mg,0.1,8.25,mg,0.1,75,µg,0,10,µg,0,15,mg,0,1.4,mg,0,2.4,µg,0,400,mg
BAKING POWDER,Nutrionix,baking powder,27.5,gms,100,53,2250,kcal,0,20,g,0,70,g,27.7,260,g,0,30,g,0,50,g,0.2,30,g,0,0,g,0,0,g,0,0,g,0,300,mg,10599.9998,2300,mg,20,3500,mg,5875.9999,700,mg,11.02,11.75,mg,0.01,8.25,mg,0.2,75,µg,0,10,µg,0,15,mg,0,1.4,mg,0,2.4,µg,0,400,mg
BLACK MUSTARD,Nutrionix,mustard,1.83,gms,100,60,2250,kcal,0.21,20,g,3.34,70,g,5.83,260,g,0.92,30,g,3.74,50,g,4,30,g,2.182,0,g,0.774,0,g,0.009,0,g,0,300,mg,1104,2300,mg,152,3500,mg,63,700,mg,1.61,11.75,mg,0.64,8.25,mg,33.5,75,µg,0,10,µg,0.36,15,mg,0.07,1.4,mg,0,2.4,µg,0,400,mg
AVOCADO OIL,Nutrionix,avocado oil,0,gms,100,884,2250,kcal,11.56,20,g,100,70,g,0,260,g,0,30,g,0,50,g,0,30,g,70.554,0,g,13.486,0,g,0,0,g,0,300,mg,0,2300,mg,0,3500,mg,0,700,mg,0,11.75,mg,0,8.25,mg,0,75,µg,0,10,µg,0,15,mg,0,1.4,mg,0,2.4,µg,0,400,mg
CLARIFIED BUTTER (GHEE),Nutrionix,clarified butter,0,gms,100,876,2250,kcal,61.92,20,g,99.48,70,g,0,260,g,0,30,g,0.28,50,g,0,30,g,28.732,0,g,3.694,0,g,0,0,g,256,300,mg,2,2300,mg,5,3500,mg,4,700,mg,0,11.75,mg,0.01,8.25,mg,0,75,µg,0,10,µg,2.8,15,mg,0.001,1.4,mg,0.01,2.4,µg,0,400,mg
UNSALTED BUTTER,Nutrionix,unsalted butter,0.06,gms,100,717,2250,kcal,50.49,20,g,81.11,70,g,0.06,260,g,0.06,30,g,0.85,50,g,0,30,g,23.43,0,g,3.01,0,g,0,0,g,215,300,mg,11,2300,mg,24,3500,mg,24,700,mg,0.02,11.75,mg,0.09,8.25,mg,1,75,µg,0,10,µg,2.32,15,mg,0.003,1.4,mg,0.17,2.4,µg,0,400,mg
OLIVE OIL,Nutrionix,olive oil,0,gms,100,884,2250,kcal,13.81,20,g,100,70,g,0,260,g,0,30,g,0,50,g,0,30,g,72.961,0,g,10.523,0,g,0,0,g,0,300,mg,2,2300,mg,1,3500,mg,1,700,mg,0.56,11.75,mg,0,8.25,mg,0,75,µg,0,10,µg,14.35,15,mg,0,1.4,mg,0,2.4,µg,0,400,mg
URAD DAL,Nutrionix,dal,9.82,gms,100,103.5554,2250,kcal,0.29,20,g,1.9524,70,g,15.8385,260,g,2.1141,30,g,6.6514,50,g,6.0161,30,g,1.2221,0,g,0.3184,0,g,0.0001,0,g,0,300,mg,201.3243,2300,mg,332.8452,3500,mg,20.4331,700,mg,2.7056,11.75,mg,0.9738,8.25,mg,2.4343,75,µg,0,10,µg,0.4603,15,mg,0.1641,1.4,mg,0,2.4,µg,0,400,mg
VANILLA EXTRACT,Nutrionix,vanilla extract,12.65,gms,100,288,2250,kcal,0.01,20,g,0.06,70,g,12.65,260,g,12.65,30,g,0.06,50,g,0,30,g,0.01,0,g,0.004,0,g,0,0,g,0,300,mg,9,2300,mg,148,3500,mg,11,700,mg,0.12,11.75,mg,0.11,8.25,mg,0,75,µg,0,10,µg,0,15,mg,0.026,1.4,mg,0,2.4,µg,0,400,mg
SEASONING,Nutrionix,seasoning,4.19,gms,100,51.4401,2250,kcal,0.55,20,g,1.6199,70,g,11.2591,260,g,0.6457,30,g,2.065,50,g,7.074,30,g,0.2473,0,g,0.4863,0,g,0,0,g,0,300,mg,31660.3313,2300,mg,287.7405,3500,mg,298.8241,700,mg,9.5482,11.75,mg,0.8338,8.25,mg,1.0214,75,µg,0,10,µg,2.2022,15,mg,0.2812,1.4,mg,0,2.4,µg,0,400,mg
EXTRA SEASONING,Nutrionix,seasoning,4.19,gms,100,51.4401,2250,kcal,0.55,20,g,1.6199,70,g,11.2591,260,g,0.6457,30,g,2.065,50,g,7.074,30,g,0.2473,0,g,0.4863,0,g,0,0,g,0,300,mg,31660.3313,2300,mg,287.7405,3500,mg,298.8241,700,mg,9.5482,11.75,mg,0.8338,8.25,mg,1.0214,75,µg,0,10,µg,2.2022,15,mg,0.2812,1.4,mg,0,2.4,µg,0,400,mg
SESAME SEEDS,Nutrionix,sesame seeds,11.74,gms,100,565,2250,kcal,6.72,20,g,48,70,g,25.74,260,g,0,30,g,16.96,50,g,14,30,g,18.127,0,g,21.039,0,g,0,0,g,0,300,mg,11,2300,mg,475,3500,mg,989,700,mg,14.76,11.75,mg,7.16,8.25,mg,34.4,75,µg,0,10,µg,0,15,mg,0.802,1.4,mg,0,2.4,µg,0,400,mg
ITALIAN SEASONING,Nutrionix,italian seasoning,22.82,gms,100,280.5824,2250,kcal,3.01,20,g,8.8358,70,g,61.4133,260,g,3.5221,30,g,11.2637,50,g,38.5854,30,g,1.3489,0,g,2.6526,0,g,0,0,g,0,300,mg,43.4432,2300,mg,1533.8571,3500,mg,1523.0403,700,mg,50.6111,11.75,mg,4.1028,8.25,mg,5.1256,75,µg,0,10,µg,12.0118,15,mg,1.5336,1.4,mg,0,2.4,µg,0,400,mg
ITALIAN HERBS,Nutrionix,herbs,18.07,gms,100,175.6945,2250,kcal,1.14,20,g,4.0194,70,g,32.4471,260,g,2.7666,30,g,13.0233,50,g,14.3818,30,g,0.3748,0,g,1.6751,0,g,0,0,g,0,300,mg,125.9236,2300,mg,1407.9782,3500,mg,799.7891,700,mg,30.7919,11.75,mg,3.1575,8.25,mg,5.1615,75,µg,0,10,µg,3.3465,15,mg,0.7763,1.4,mg,0,2.4,µg,0,400,mg
CORIANDER POWDER,Nutrionix,coriander,41.7,gms,100,279,2250,kcal,0.12,20,g,4.78,70,g,52.1,260,g,7.27,30,g,21.93,50,g,10.4,30,g,2.232,0,g,0.328,0,g,0,0,g,0,300,mg,211,2300,mg,4466.0002,3500,mg,1246.0001,700,mg,42.46,11.75,mg,4.72,8.25,mg,29.3,75,µg,0,10,µg,1.03,15,mg,0.61,1.4,mg,0,2.4,µg,0,400,mg
CORRIANDER POWDER,Nutrionix,coriander,41.7,gms,100,279,2250,kcal,0.12,20,g,4.78,70,g,52.1,260,g,7.27,30,g,21.93,50,g,10.4,30,g,2.232,0,g,0.328,0,g,0,0,g,0,300,mg,211,2300,mg,4466.0002,3500,mg,1246.0001,700,mg,42.46,11.75,mg,4.72,8.25,mg,29.3,75,µg,0,10,µg,1.03,15,mg,0.61,1.4,mg,0,2.4,µg,0,400,mg
VIRGIN OLIVE OIL,Nutrionix,olive oil,0,gms,100,884,2250,kcal,13.81,20,g,100,70,g,0,260,g,0,30,g,0,50,g,0,30,g,72.961,0,g,10.523,0,g,0,0,g,0,300,mg,2,2300,mg,1,3500,mg,1,700,mg,0.56,11.75,mg,0,8.25,mg,0,75,µg,0,10,µg,14.35,15,mg,0,1.4,mg,0,2.4,µg,0,400,mg
JALAPENOS,Nutrionix,jalapenos,3.7,gms,100,29,2250,kcal,0.09,20,g,0.37,70,g,6.5,260,g,4.12,30,g,0.91,50,g,2.8,30,g,0.029,0,g,0.112,0,g,0,0,g,0,300,mg,3,2300,mg,248,3500,mg,12,700,mg,0.25,11.75,mg,0.14,8.25,mg,0.4,75,µg,0,10,µg,3.58,15,mg,0.419,1.4,mg,0,2.4,µg,0,400,mg
EXTRA VIRGIN OLIVE OIL,Nutrionix,extra virgin olive oil,0,gms,100,884,2250,kcal,13.81,20,g,100,70,g,0,260,g,0,30,g,0,50,g,0,30,g,72.961,0,g,10.523,0,g,0,0,g,0,300,mg,2,2300,mg,1,3500,mg,1,700,mg,0.56,11.75,mg,0,8.25,mg,0,75,µg,0,10,µg,14.35,15,mg,0,1.4,mg,0,2.4,µg,0,400,mg
BALSAMIC VINEGAR,Nutrionix,balsamic vinegar,17.03,gms,100,88,2250,kcal,0,20,g,0,70,g,17.03,260,g,14.95,30,g,0.49,50,g,0,30,g,0,0,g,0,0,g,0,0,g,0,300,mg,23,2300,mg,112,3500,mg,27,700,mg,0.72,11.75,mg,0.08,8.25,mg,0,75,µg,0,10,µg,0,15,mg,0,1.4,mg,0,2.4,µg,0,400,mg
APPLE CIDER VINEGAR,Nutrionix,apple cider vinegar,0.93,gms,100,21,2250,kcal,0,20,g,0,70,g,0.93,260,g,0.4,30,g,0,50,g,0,30,g,0,0,g,0,0,g,0,0,g,0,300,mg,5,2300,mg,73,3500,mg,7,700,mg,0.2,11.75,mg,0.04,8.25,mg,0.1,75,µg,0,10,µg,0,15,mg,0,1.4,mg,0,2.4,µg,0,400,mg
WARM WATER,Nutrionix,water,0,gms,100,0,2250,kcal,0,20,g,0,70,g,0,260,g,0,30,g,0,50,g,0,30,g,0,0,g,0,0,g,0,0,g,0,300,mg,4,2300,mg,0,3500,mg,3,700,mg,0,11.75,mg,0.01,8.25,mg,0,75,µg,0,10,µg,0,15,mg,0,1.4,mg,0,2.4,µg,0,400,mg
WHITE WINE VINEGAR,Nutrionix,white wine vinegar,0.04,gms,100,18,2250,kcal,0,20,g,0,70,g,0.04,260,g,0.04,30,g,0,50,g,0,30,g,0,0,g,0,0,g,0,0,g,0,300,mg,2,2300,mg,2,3500,mg,6,700,mg,0.03,11.75,mg,0.01,8.25,mg,0.5,75,µg,0,10,µg,0,15,mg,0,1.4,mg,0,2.4,µg,0,400,mg
LETTUCE,Nutrionix,lettuce,1.19,gms,100,17,2250,kcal,0.04,20,g,0.3,70,g,3.29,260,g,1.19,30,g,1.23,50,g,2.1,30,g,0.012,0,g,0.16,0,g,0,0,g,0,300,mg,8,2300,mg,247,3500,mg,33,700,mg,0.97,11.75,mg,0.23,8.25,mg,0.4,75,µg,0,10,µg,0.13,15,mg,0.074,1.4,mg,0,2.4,µg,0,400,mg
MISO,Nutrionix,miso,19.97,gms,100,198,2250,kcal,1.02,20,g,6.01,70,g,25.37,260,g,6.2,30,g,12.79,50,g,5.4,30,g,1.118,0,g,2.884,0,g,0,0,g,0,300,mg,3728,2300,mg,210,3500,mg,57,700,mg,2.49,11.75,mg,2.56,8.25,mg,7,75,µg,0,10,µg,0.01,15,mg,0.199,1.4,mg,0.08,2.4,µg,0,400,mg
CONFECTIONERS SWERVE,NCCDB,confectioners swerve,0,gms,100,347,2250,kcal,0,20,g,0,70,g,0.6,260,g,4.03,30,g,2.06,50,g,0.6,30,g,0,0,g,0,0,g,0,0,g,0,300,mg,572,2300,mg,39,3500,mg,879,700,mg,0.16,11.75,mg,0.04,8.25,mg,0,75,µg,0,10,µg,0,15,mg,0.015,1.4,mg,0,2.4,µg,0,400,mg
BAKING SPRAY,Nutrionix,baking spray,0,gms,100,884,2250,kcal,11.56,20,g,100,70,g,0,260,g,0,30,g,0,50,g,0,30,g,70.554,0,g,13.486,0,g,0,0,g,0,300,mg,0,2300,mg,0,3500,mg,0,700,mg,0,11.75,mg,0,8.25,mg,0,75,µg,0,10,µg,0,15,mg,0,1.4,mg,0,2.4,µg,0,400,mg
